Rank;Touro_NAAB;Touro_Nome;Touro_TPI;Touro_NM$;Femea_NAAB;Femea_Num;Femea_Reg;Femea_TPI;Femea_NM$;NM$_PA;NM$_Corrigido;NM$_IC_Lower;NM$_IC_Upper;TPI_PA;F_Esperada_%;Depressao_$;P_Acima_Media_%;P_Top25_%;P_Top10_%;Complementaridade;Balanceamento;Score_Final;Haplo_Conflitos;Beta_Caseina;Kappa_Caseina;Casein_Score;PA_MILK;IC_Low_MILK;IC_High_MILK;PA_FAT;IC_Low_FAT;IC_High_FAT;PA_PROT;IC_Low_PROT;IC_High_PROT;PA_SCS;IC_Low_SCS;IC_High_SCS;PA_PL;IC_Low_PL;IC_High_PL;PA_LIV;IC_Low_LIV;IC_High_LIV;PA_DPR;IC_Low_DPR;IC_High_DPR;PA_CCR;IC_Low_CCR;IC_High_CCR;PA_HCR;IC_Low_HCR;IC_High_HCR;PA_EFC;IC_Low_EFC;IC_High_EFC;PA_HLIV;IC_Low_HLIV;IC_High_HLIV;PA_UDC;IC_Low_UDC;IC_High_UDC;PA_FLC;IC_Low_FLC;IC_High_FLC;PA_BWC;IC_Low_BWC;IC_High_BWC
1;007HO17593;Betzold;3422;1043;HOBRAC6735A204260;40;1118;2444;196;620;524;214;834;2933;3.98;-95;100.0;100.0;99.2;0.0;79.4;83.8;;A2A2xA2A2=100%A2A2;BBxBB=100%BB;5;617.3;-1144.1;2378.8;51.4;-15.9;118.7;30.5;-17.5;78.5;2.9;2.6;3.2;1.4;-1.5;4.2;1.6;-0.5;3.6;-0.4;-2.6;1.8;1.8;-0.8;4.4;1.8;-0.7;4.2;3.2;-5.3;11.7;-0.1;-1.5;1.2;-0.9;-2.2;0.4;-0.6;-1.7;0.6;-0.7;-2.3;0.9
2;007HO17593;Betzold;3422;1043;HOBRAC6735A204261;41;1121;2552;256;650;554;244;864;2987;3.98;-95;100.0;100.0;99.5;0.0;77.2;83.6;;A2A2xA2A2=100%A2A2;BBxBB=100%BB;5;772.3;-989.1;2533.8;67.4;0.1;134.7;32.5;-15.5;80.5;2.9;2.6;3.2;1.0;-1.9;3.8;1.3;-0.8;3.4;-1.2;-3.4;1.0;1.1;-1.4;3.7;2.2;-0.2;4.6;3.1;-5.4;11.7;-0.3;-1.7;1.0;-0.7;-2.0;0.6;-0.5;-1.7;0.7;-0.1;-1.8;1.5
3;007HO17593;Betzold;3422;1043;HOBRAC6735A204242;22;1200;2606;223;633;538;228;848;3014;3.98;-95;100.0;100.0;99.4;0.0;73.4;83.1;;A2A2xA2A2=100%A2A2;BBxBB=100%BB;5;1107.8;-653.6;2869.3;42.4;-24.9;109.7;30.5;-17.5;78.5;2.8;2.5;3.1;2.5;-0.3;5.3;1.2;-0.8;3.3;-1.2;-3.3;1.0;0.9;-1.7;3.4;1.1;-1.3;3.5;3.8;-4.8;12.3;-0.0;-1.4;1.3;0.1;-1.2;1.4;0.4;-0.7;1.6;-0.8;-2.4;0.8
4;007HO17593;Betzold;3422;1043;HOBRAC6735A204240;20;1104;2560;215;629;534;224;844;2991;3.98;-95;100.0;100.0;99.3;0.0;79.4;82.5;;A2A2xA2A2=100%A2A2;BBxAB=50%BB;4;1147.8;-613.6;2909.3;57.9;-9.4;125.2;32.0;-16.0;80.0;3.0;2.7;3.3;1.0;-1.8;3.8;1.7;-0.4;3.8;-0.9;-3.1;1.3;1.6;-1.0;4.2;1.1;-1.3;3.5;2.7;-5.8;11.2;0.1;-1.3;1.5;-0.3;-1.6;1.0;-0.0;-1.2;1.1;-0.4;-2.0;1.2
5;007HO17686;Commander;3457;1141;HOBRAC6735A204260;40;1118;2444;196;668;573;263;883;2950;3.98;-95;100.0;100.0;99.7;0.0;78.2;82.2;;A2A2xA2A2=100%A2A2;AAxBB=100%AB;4;553.3;-1208.1;2314.8;67.4;0.1;134.7;36.0;-12.0;84.0;3.0;2.7;3.3;1.2;-1.7;4.0;0.5;-1.6;2.6;-0.9;-3.0;1.3;1.2;-1.3;3.8;1.2;-1.2;3.7;2.0;-6.5;10.6;0.2;-1.1;1.6;-1.0;-2.2;0.3;-0.6;-1.7;0.6;-0.9;-2.5;0.7
6;007HO17686;Commander;3457;1141;HOBRAC6735A204242;22;1200;2606;223;682;587;277;897;3032;3.98;-95;100.0;100.0;99.7;0.0;75.5;82.0;;A2A2xA2A2=100%A2A2;AAxBB=100%AB;4;1043.8;-717.6;2805.3;58.4;-8.9;125.7;36.0;-12.0;84.0;2.9;2.6;3.2;2.3;-0.5;5.1;0.2;-1.9;2.3;-1.6;-3.8;0.6;0.3;-2.3;2.9;0.6;-1.8;3.0;2.6;-5.9;11.1;0.3;-1.0;1.7;0.0;-1.3;1.3;0.4;-0.7;1.6;-1.0;-2.6;0.6
7;007HO17593;Betzold;3422;1043;HOBRAC6735A204234;14;1186;2704;353;698;603;293;913;3063;3.98;-95;100.0;100.0;99.8;0.0;74.1;81.9;;A2A2xA2A2=100%A2A2;BBxAB=50%BB;4;1372.8;-388.6;3134.3;49.9;-17.4;117.2;47.0;-1.0;95.0;2.9;2.6;3.2;1.7;-1.1;4.5;0.4;-1.7;2.5;-1.5;-3.6;0.7;0.8;-1.8;3.4;1.7;-0.7;4.1;3.3;-5.2;11.9;-0.1;-1.5;1.3;-0.3;-1.6;1.0;-0.2;-1.3;1.0;-1.0;-2.6;0.6
8;007HO17593;Betzold;3422;1043;HOBRAC6735A204225;5;1086;2488;134;588;493;183;803;2955;3.98;-95;100.0;100.0;98.6;0.0;76.4;81.7;;A2A2xA2A2=100%A2A2;BBxAA=100%AB;4;978.3;-783.1;2739.8;42.9;-24.4;110.2;32.0;-16.0;80.0;2.9;2.6;3.2;2.0;-0.9;4.8;0.8;-1.3;2.9;-1.0;-3.1;1.2;1.6;-1.0;4.2;1.7;-0.7;4.1;2.2;-6.3;10.7;-0.2;-1.6;1.1;-0.0;-1.3;1.3;-0.6;-1.8;0.6;-0.9;-2.5;0.8
9;007HO17593;Betzold;3422;1043;HOBRAC6735A204243;23;1102;2610;269;656;561;251;871;3016;3.98;-95;100.0;100.0;99.6;0.0;81.4;81.4;;A2A2xA1A2=50%A2A2;BBxBB=100%BB;3;827.8;-933.6;2589.3;52.4;-14.9;119.7;26.0;-22.0;74.0;2.9;2.6;3.2;2.0;-0.9;4.8;2.0;-0.1;4.1;-0.3;-2.5;1.9;2.0;-0.5;4.6;2.0;-0.4;4.4;2.6;-5.9;11.2;0.1;-1.2;1.5;0.1;-1.2;1.4;-0.1;-1.2;1.1;-0.6;-2.2;1.1
10;007HO17686;Commander;3457;1141;HOBRAC6735A204261;41;1121;2552;256;698;603;293;913;3004;3.98;-95;100.0;100.0;99.8;0.0;71.2;81.3;;A2A2xA2A2=100%A2A2;AAxBB=100%AB;4;708.3;-1053.1;2469.8;83.4;16.1;150.7;38.0;-10.0;86.0;3.0;2.7;3.3;0.8;-2.1;3.6;0.2;-1.8;2.3;-1.7;-3.8;0.5;0.6;-2.0;3.2;1.7;-0.7;4.1;2.0;-6.5;10.5;0.0;-1.3;1.4;-0.8;-2.1;0.5;-0.5;-1.7;0.7;-0.3;-2.0;1.3
11;007HO17686;Commander;3457;1141;HOBRAC6735A204240;20;1104;2560;215;678;583;273;893;3008;3.98;-95;100.0;100.0;99.7;0.0;78.2;80.9;;A2A2xA2A2=100%A2A2;AAxAB;3;1083.8;-677.6;2845.3;73.9;6.6;141.2;37.5;-10.5;85.5;3.1;2.8;3.4;0.8;-2.0;3.6;0.6;-1.4;2.7;-1.4;-3.5;0.8;1.1;-1.5;3.6;0.6;-1.8;3.0;1.6;-7.0;10.1;0.5;-0.9;1.9;-0.4;-1.7;0.9;-0.1;-1.2;1.1;-0.6;-2.2;1.0
12;007HO17686;Commander;3457;1141;HOBRAC6735A204225;5;1086;2488;134;638;542;232;852;2972;3.98;-95;100.0;100.0;99.4;0.0;75.1;80.3;;A2A2xA2A2=100%A2A2;AAxAA;3;914.3;-847.1;2675.8;58.9;-8.4;126.2;37.5;-10.5;85.5;3.0;2.7;3.3;1.8;-1.1;4.6;-0.3;-2.3;1.8;-1.4;-3.6;0.8;1.1;-1.5;3.6;1.2;-1.2;3.6;1.1;-7.5;9.6;0.1;-1.2;1.5;-0.1;-1.4;1.2;-0.6;-1.8;0.5;-1.1;-2.7;0.6
13;007HO17686;Commander;3457;1141;HOBRAC6735A204234;14;1186;2704;353;747;652;342;962;3080;3.98;-95;100.0;100.0;99.9;0.0;72.3;80.2;;A2A2xA2A2=100%A2A2;AAxAB;3;1308.8;-452.6;3070.3;65.9;-1.4;133.2;52.5;4.5;100.5;3.0;2.7;3.3;1.5;-1.3;4.3;-0.7;-2.7;1.4;-1.9;-4.1;0.3;0.2;-2.3;2.8;1.2;-1.2;3.6;2.2;-6.3;10.7;0.3;-1.1;1.7;-0.4;-1.7;0.9;-0.2;-1.3;1.0;-1.2;-2.8;0.4
14;007HO17593;Betzold;3422;1043;HOBRAC6735A204241;21;1109;2451;-48;498;402;92;712;2936;3.98;-95;100.0;99.7;94.9;0.0;82.3;80.0;;A2A2xA2A2=100%A2A2;BBxAB=50%BB;4;1458.8;-302.6;3220.3;26.4;-40.9;93.7;31.5;-16.5;79.5;3.0;2.7;3.3;1.6;-1.2;4.4;1.1;-1.0;3.1;0.3;-1.9;2.5;2.3;-0.3;4.9;1.7;-0.7;4.1;3.8;-4.7;12.3;0.2;-1.2;1.6;-0.1;-1.4;1.2;0.2;-1.0;1.3;-0.4;-2.1;1.2
15;007HO17686;Commander;3457;1141;HOBRAC6735A204241;21;1109;2451;-48;546;451;141;761;2954;3.98;-95;100.0;99.9;97.4;0.0;81.1;79.7;;A2A2xA2A2=100%A2A2;AAxAB;3;1394.8;-366.6;3156.3;42.4;-24.9;109.7;37.0;-11.0;85.0;3.1;2.8;3.4;1.4;-1.4;4.2;0.0;-2.1;2.1;-0.2;-2.3;2.0;1.8;-0.8;4.3;1.2;-1.2;3.6;2.6;-5.9;11.2;0.6;-0.8;2.0;-0.2;-1.5;1.1;0.2;-1.0;1.3;-0.7;-2.3;1.0
16;007HO17686;Commander;3457;1141;HOBRAC6735A204243;23;1102;2610;269;705;610;300;920;3034;3.98;-95;100.0;100.0;99.8;0.0;80.2;79.7;;A2A2xA1A2=50%A2A2;AAxBB=100%AB;2;763.8;-997.6;2525.3;68.4;1.1;135.7;31.5;-16.5;79.5;3.0;2.7;3.3;1.8;-1.1;4.6;0.9;-1.1;3.0;-0.8;-2.9;1.4;1.5;-1.1;4.1;1.5;-0.9;3.9;1.5;-7.0;10.0;0.6;-0.8;1.9;-0.0;-1.3;1.3;-0.1;-1.2;1.1;-0.8;-2.4;0.9
17;007HO17593;Betzold;3422;1043;HOBRAC6735A204246;26;1083;2256;52;548;452;142;762;2839;3.98;-95;100.0;99.9;97.4;0.0;72.1;79.6;;A2A2xA2A2=100%A2A2;BBxAB=50%BB;4;808.3;-953.1;2569.8;37.4;-29.9;104.7;26.0;-22.0;74.0;3.0;2.7;3.3;0.8;-2.0;3.6;0.5;-1.6;2.5;-1.3;-3.4;0.9;1.1;-1.5;3.7;1.2;-1.2;3.7;2.8;-5.8;11.3;0.1;-1.2;1.5;-0.6;-1.9;0.7;-0.3;-1.4;0.9;-1.2;-2.8;0.4
18;007HO17686;Commander;3457;1141;HOBRAC6735A204246;26;1083;2256;52;596;501;191;811;2856;3.98;-95;100.0;100.0;98.8;0.0;66.5;78.6;;A2A2xA2A2=100%A2A2;AAxAB;3;744.3;-1017.1;2505.8;53.4;-13.9;120.7;31.5;-16.5;79.5;3.1;2.8;3.4;0.6;-2.2;3.4;-0.6;-2.7;1.5;-1.7;-3.9;0.5;0.6;-2.0;3.1;0.8;-1.7;3.2;1.6;-6.9;10.1;0.6;-0.8;1.9;-0.7;-2.0;0.6;-0.3;-1.4;0.9;-1.4;-3.0;0.2
19;007HO17593;Betzold;3422;1043;HOBRAC6735A204264;44;1120;2364;68;556;460;150;770;2893;3.98;-95;100.0;99.9;97.7;0.0;63.2;78.6;;A2A2xA2A2=100%A2A2;BBxAB=50%BB;4;676.3;-1085.1;2437.8;60.4;-6.9;127.7;31.5;-16.5;79.5;3.0;2.7;3.3;-0.0;-2.9;2.8;0.5;-1.6;2.6;-1.9;-4.0;0.3;0.4;-2.2;2.9;1.0;-1.5;3.4;1.5;-7.0;10.0;-0.3;-1.7;1.0;-0.6;-1.9;0.7;-0.5;-1.7;0.7;-0.4;-2.0;1.2
20;007HO17593;Betzold;3422;1043;HOBRAC6735A204256;36;1169;2158;-124;460;364;54;674;2790;3.98;-95;100.0;99.4;91.8;0.0;71.9;78.5;;A2A2xA2A2=100%A2A2;BBxBB=100%BB;5;1013.3;-748.1;2774.8;18.4;-48.9;85.7;28.5;-19.5;76.5;2.9;2.7;3.2;1.5;-1.3;4.3;1.2;-0.9;3.3;-0.7;-2.9;1.5;1.1;-1.5;3.7;0.2;-2.2;2.7;2.8;-5.8;11.3;-0.2;-1.6;1.2;-0.6;-1.9;0.7;-0.5;-1.7;0.7;-0.9;-2.5;0.8
21;007HO17686;Commander;3457;1141;HOBRAC6735A204256;36;1169;2158;-124;508;413;103;723;2808;3.98;-95;100.0;99.8;95.6;0.0;70.6;78.2;;A2A2xA2A2=100%A2A2;AAxBB=100%AB;4;949.3;-812.1;2710.8;34.4;-32.9;101.7;34.0;-14.0;82.0;3.1;2.8;3.4;1.3;-1.5;4.1;0.1;-1.9;2.2;-1.2;-3.3;1.0;0.6;-2.0;3.1;-0.3;-2.7;2.2;1.6;-6.9;10.1;0.2;-1.2;1.6;-0.7;-2.0;0.6;-0.5;-1.7;0.6;-1.1;-2.7;0.6
22;007HO17593;Betzold;3422;1043;HOBRAC6735A204221;1;1087;2494;93;568;473;163;783;2958;3.98;-95;100.0;99.9;98.1;0.0;76.6;78.1;;A2A2xA1A2=50%A2A2;BBxAB=50%BB;2;1483.8;-277.6;3245.3;42.9;-24.4;110.2;36.5;-11.5;84.5;3.0;2.7;3.3;1.7;-1.1;4.5;0.5;-1.6;2.6;-0.9;-3.0;1.3;1.1;-1.5;3.7;0.8;-1.7;3.2;3.0;-5.5;11.6;-0.3;-1.7;1.0;-0.2;-1.5;1.1;-0.1;-1.3;1.0;-0.3;-2.0;1.3
23;007HO17593;Betzold;3422;1043;HOBRAC6735A204236;16;1082;2158;-128;458;362;52;672;2790;3.98;-95;100.0;99.4;91.6;0.0;69.3;78.0;;A2A2xA2A2=100%A2A2;BBxBB=100%BB;5;857.3;-904.1;2618.8;30.9;-36.4;98.2;27.0;-21.0;75.0;2.9;2.6;3.2;0.9;-1.9;3.7;0.5;-1.6;2.5;-1.2;-3.3;1.0;0.4;-2.2;3.0;-0.2;-2.6;2.2;1.3;-7.2;9.8;-0.2;-1.6;1.2;-0.7;-1.9;0.6;-0.3;-1.4;0.9;-0.6;-2.2;1.1
24;007HO17593;Betzold;3422;1043;HOBRAC6735A204266;46;1113;2208;-76;484;388;78;698;2815;3.98;-95;100.0;99.6;93.9;0.0;73.9;78.0;;A2A2xA2A2=100%A2A2;BBxAB=50%BB;4;736.8;-1024.6;2498.3;35.4;-31.9;102.7;26.0;-22.0;74.0;3.0;2.7;3.3;0.5;-2.4;3.3;1.7;-0.4;3.8;-0.7;-2.9;1.5;1.1;-1.4;3.7;0.5;-2.0;2.9;1.3;-7.2;9.8;-0.3;-1.7;1.0;-0.7;-2.0;0.6;-0.5;-1.7;0.7;-0.5;-2.1;1.2
25;007HO17686;Commander;3457;1141;HOBRAC6735A204266;46;1113;2208;-76;532;437;127;747;2832;3.98;-95;100.0;99.9;96.8;0.0;72.7;77.7;;A2A2xA2A2=100%A2A2;AAxAB;3;672.8;-1088.6;2434.3;51.4;-15.9;118.7;31.5;-16.5;79.5;3.1;2.8;3.4;0.3;-2.6;3.1;0.6;-1.4;2.7;-1.2;-3.3;1.0;0.6;-2.0;3.2;-0.1;-2.5;2.4;0.1;-8.4;8.7;0.0;-1.3;1.4;-0.8;-2.1;0.5;-0.5;-1.7;0.7;-0.7;-2.3;1.0
26;007HO17686;Commander;3457;1141;HOBRAC6735A204221;1;1087;2494;93;617;522;212;832;2976;3.98;-95;100.0;100.0;99.2;0.0;75.4;77.3;;A2A2xA1A2=50%A2A2;AAxAB;1;1419.8;-341.6;3181.3;58.9;-8.4;126.2;42.0;-6.0;90.0;3.1;2.8;3.4;1.5;-1.3;4.3;-0.6;-2.6;1.5;-1.3;-3.5;0.9;0.6;-2.0;3.1;0.2;-2.2;2.7;1.9;-6.6;10.4;0.0;-1.3;1.4;-0.3;-1.6;1.0;-0.1;-1.3;1.0;-0.6;-2.2;1.1
27;007HO17593;Betzold;3422;1043;HOBRAC6735A204262;42;1116;2188;-118;462;367;57;677;2805;3.98;-95;100.0;99.5;92.1;0.0;73.4;77.3;;A2A2xA2A2=100%A2A2;BBxAB=50%BB;4;403.3;-1358.1;2164.8;38.4;-28.9;105.7;22.0;-26.0;70.0;3.0;2.7;3.3;0.4;-2.4;3.2;1.0;-1.1;3.1;-0.6;-2.8;1.6;1.1;-1.5;3.6;0.5;-1.9;2.9;1.2;-7.3;9.7;-0.3;-1.7;1.0;-0.5;-1.8;0.8;-0.5;-1.6;0.7;-0.7;-2.3;1.0
28;007HO17686;Commander;3457;1141;HOBRAC6735A204236;16;1082;2158;-128;506;411;101;721;2808;3.98;-95;100.0;99.8;95.5;0.0;64.7;77.2;;A2A2xA2A2=100%A2A2;AAxBB=100%AB;4;793.3;-968.1;2554.8;46.9;-20.4;114.2;32.5;-15.5;80.5;3.0;2.7;3.3;0.7;-2.1;3.5;-0.6;-2.7;1.5;-1.6;-3.8;0.6;-0.1;-2.7;2.4;-0.7;-3.1;1.7;0.1;-8.4;8.7;0.2;-1.2;1.6;-0.7;-2.0;0.6;-0.3;-1.5;0.9;-0.8;-2.4;0.8
29;007HO17593;Betzold;3422;1043;HOBRAC6735A204247;27;1114;2214;-69;487;392;82;702;2818;3.98;-95;100.0;99.7;94.1;0.0;68.0;77.2;;A2A2xA2A2=100%A2A2;BBxAA=100%AB;4;1257.3;-504.1;3018.8;38.9;-28.4;106.2;27.5;-20.5;75.5;2.9;2.6;3.2;0.9;-1.9;3.7;0.1;-2.0;2.2;-1.4;-3.6;0.8;0.5;-2.1;3.0;0.1;-2.4;2.5;1.8;-6.7;10.4;-0.4;-1.8;1.0;-0.6;-1.9;0.7;-0.5;-1.6;0.7;-0.3;-1.9;1.3
30;007HO17686;Commander;3457;1141;HOBRAC6735A204262;42;1116;2188;-118;512;416;106;726;2822;3.98;-95;100.0;99.8;95.7;0.0;72.2;77.0;;A2A2xA2A2=100%A2A2;AAxAB;3;339.3;-1422.1;2100.8;54.4;-12.9;121.7;27.5;-20.5;75.5;3.1;2.8;3.4;0.2;-2.6;3.0;-0.1;-2.1;2.0;-1.1;-3.2;1.1;0.5;-2.1;3.1;0.0;-2.4;2.4;0.1;-8.5;8.6;0.0;-1.3;1.4;-0.6;-1.9;0.7;-0.5;-1.7;0.7;-0.9;-2.5;0.8
31;007HO17593;Betzold;3422;1043;HOBRAC6735A204245;25;1091;2172;-131;456;361;51;671;2797;3.98;-95;100.0;99.4;91.5;0.0;72.0;76.9;;A2A2xA2A2=100%A2A2;BBxAB=50%BB;4;1249.8;-511.6;3011.3;22.4;-44.9;89.7;25.0;-23.0;73.0;3.0;2.7;3.3;1.1;-1.7;3.9;0.7;-1.4;2.8;-0.8;-2.9;1.4;0.8;-1.8;3.4;0.5;-2.0;2.9;1.8;-6.8;10.3;-0.1;-1.5;1.2;-0.2;-1.5;1.1;-0.2;-1.3;1.0;-0.8;-2.4;0.8
32;007HO17686;Commander;3457;1141;HOBRAC6735A204247;27;1114;2214;-69;536;441;131;751;2836;3.98;-95;100.0;99.9;97.0;0.0;66.1;76.8;;A2A2xA2A2=100%A2A2;AAxAA;3;1193.3;-568.1;2954.8;54.9;-12.4;122.2;33.0;-15.0;81.0;3.0;2.7;3.3;0.7;-2.1;3.5;-1.0;-3.0;1.1;-1.9;-4.0;0.3;-0.1;-2.7;2.5;-0.5;-2.9;2.0;0.7;-7.8;9.2;0.0;-1.4;1.4;-0.7;-2.0;0.6;-0.5;-1.6;0.7;-0.5;-2.1;1.1
33;007HO17697;POwered;3337;1026;HOBRAC6735A204243;23;1102;2610;269;648;552;242;862;2974;3.98;-95;100.0;100.0;99.5;0.0;81.6;76.8;;xA1A2;xBB;0;613.8;-1147.6;2375.3;54.9;-12.4;122.2;20.5;-27.5;68.5;2.9;2.6;3.2;2.4;-0.5;5.2;2.1;0.1;4.2;-0.2;-2.3;2.0;2.0;-0.6;4.6;1.1;-1.3;3.6;2.1;-6.4;10.7;0.4;-0.9;1.8;0.0;-1.2;1.3;-0.3;-1.5;0.8;-0.4;-2.0;1.2
34;007HO17697;POwered;3337;1026;HOBRAC6735A204240;20;1104;2560;215;620;525;215;835;2948;3.98;-95;100.0;100.0;99.2;0.0;79.6;76.4;;xA2A2;xAB;0;933.8;-827.6;2695.3;60.4;-6.9;127.7;26.5;-21.5;74.5;3.0;2.7;3.3;1.4;-1.4;4.2;1.9;-0.2;3.9;-0.8;-2.9;1.4;1.5;-1.0;4.1;0.2;-2.2;2.7;2.2;-6.3;10.7;0.4;-1.0;1.8;-0.3;-1.6;1.0;-0.3;-1.5;0.9;-0.2;-1.8;1.4
35;007HO17593;Betzold;3422;1043;HOBRAC6735A204265;45;1123;2232;-168;438;342;32;652;2827;3.98;-95;100.0;99.2;89.5;0.0;70.6;76.3;;A2A2xA2A2=100%A2A2;BBxAA=100%AB;4;1278.3;-483.1;3039.8;27.4;-39.9;94.7;28.5;-19.5;76.5;3.0;2.7;3.3;0.6;-2.3;3.4;0.5;-1.6;2.5;-1.3;-3.4;0.9;0.7;-1.9;3.3;0.5;-1.9;2.9;2.2;-6.3;10.7;-0.2;-1.6;1.2;-0.1;-1.4;1.2;-0.1;-1.2;1.1;-1.0;-2.6;0.6
36;007HO17697;POwered;3337;1026;HOBRAC6735A204260;40;1118;2444;196;611;516;206;826;2890;3.98;-95;100.0;100.0;99.1;0.0;79.5;76.2;;xA2A2;xBB;0;403.3;-1358.1;2164.8;53.9;-13.4;121.2;25.0;-23.0;73.0;2.9;2.6;3.2;1.8;-1.1;4.6;1.7;-0.4;3.8;-0.3;-2.4;1.9;1.8;-0.8;4.3;0.9;-1.5;3.3;2.7;-5.8;11.2;0.1;-1.2;1.5;-0.9;-2.2;0.4;-0.8;-2.0;0.4;-0.5;-2.1;1.1
37;007HO17686;Commander;3457;1141;HOBRAC6735A204245;25;1091;2172;-131;505;410;100;720;2814;3.98;-95;100.0;99.8;95.4;0.0;67.8;76.2;;A2A2xA2A2=100%A2A2;AAxAB;3;1185.8;-575.6;2947.3;38.4;-28.9;105.7;30.5;-17.5;78.5;3.1;2.8;3.4;0.9;-1.9;3.7;-0.4;-2.4;1.7;-1.2;-3.4;1.0;0.2;-2.3;2.8;-0.1;-2.5;2.4;0.6;-7.9;9.1;0.2;-1.1;1.6;-0.3;-1.6;1.0;-0.2;-1.3;1.0;-1.0;-2.6;0.6
38;007HO17593;Betzold;3422;1043;HOBRAC6735A204239;19;1112;2071;-272;386;290;-20;600;2746;3.98;-95;100.0;98.0;82.3;0.0;71.4;76.1;;A2A2xA2A2=100%A2A2;BBxBB=100%BB;5;1434.8;-326.6;3196.3;18.9;-48.4;86.2;27.5;-20.5;75.5;3.0;2.7;3.3;0.6;-2.3;3.4;-0.6;-2.7;1.5;-1.0;-3.2;1.2;0.9;-1.7;3.5;0.3;-2.1;2.7;1.4;-7.1;10.0;-0.5;-1.9;0.9;-0.5;-1.8;0.8;-0.4;-1.6;0.8;-0.5;-2.1;1.2
39;007HO17220;Rosemary;3323;879;HOBRAC6735A204243;23;1102;2610;269;574;479;169;789;2966;3.98;-95;100.0;99.9;98.3;0.0;81.7;76.1;;xA1A2;xBB;0;366.8;-1394.6;2128.3;47.9;-19.4;115.2;19.0;-29.0;67.0;2.9;2.6;3.2;2.3;-0.6;5.1;2.8;0.7;4.8;0.2;-2.0;2.4;2.2;-0.4;4.8;1.7;-0.7;4.1;1.1;-7.5;9.6;0.8;-0.6;2.2;0.4;-0.9;1.7;-0.2;-1.3;1.0;-0.2;-1.9;1.4
40;007HO17697;POwered;3337;1026;HOBRAC6735A204261;41;1121;2552;256;641;546;236;856;2944;3.98;-95;100.0;100.0;99.4;0.0;77.3;76.0;;xA2A2;xBB;0;558.3;-1203.1;2319.8;69.9;2.6;137.2;27.0;-21.0;75.0;2.9;2.6;3.2;1.4;-1.5;4.2;1.5;-0.6;3.5;-1.1;-3.2;1.1;1.1;-1.5;3.7;1.4;-1.1;3.8;2.6;-5.9;11.2;-0.1;-1.4;1.3;-0.8;-2.1;0.5;-0.8;-1.9;0.4;0.1;-1.6;1.7
41;007HO17593;Betzold;3422;1043;HOBRAC6735A204229;9;1194;2216;-231;406;311;1;621;2819;3.98;-95;100.0;98.6;85.4;0.0;75.0;76.0;;A2A2xA2A2=100%A2A2;BBxAB=50%BB;4;702.8;-1058.6;2464.3;27.4;-39.9;94.7;26.5;-21.5;74.5;2.9;2.6;3.2;0.6;-2.3;3.4;0.2;-1.9;2.3;-0.5;-2.7;1.7;1.6;-0.9;4.2;3.2;0.7;5.6;3.5;-5.0;12.1;-0.3;-1.7;1.0;-0.7;-2.0;0.6;-0.3;-1.5;0.9;-0.4;-2.0;1.2
42;007HO17220;Rosemary;3323;879;HOBRAC6735A204234;14;1186;2704;353;616;521;211;831;3014;3.98;-95;100.0;100.0;99.1;0.0;74.4;75.8;;xA2A2;xAB;0;911.8;-849.6;2673.3;45.4;-21.9;112.7;40.0;-8.0;88.0;2.9;2.6;3.2;2.0;-0.8;4.8;1.1;-0.9;3.2;-1.0;-3.1;1.2;1.0;-1.6;3.5;1.4;-1.0;3.8;1.8;-6.8;10.3;0.6;-0.8;1.9;-0.0;-1.3;1.3;-0.3;-1.4;0.9;-0.7;-2.3;1.0
43;007HO17697;POwered;3337;1026;HOBRAC6735A204234;14;1186;2704;353;690;594;284;904;3020;3.98;-95;100.0;100.0;99.8;0.0;74.2;75.8;;xA2A2;xAB;0;1158.8;-602.6;2920.3;52.4;-14.9;119.7;41.5;-6.5;89.5;2.9;2.6;3.2;2.1;-0.7;4.9;0.6;-1.5;2.6;-1.3;-3.5;0.9;0.8;-1.8;3.3;0.8;-1.6;3.3;2.8;-5.7;11.4;0.2;-1.2;1.6;-0.3;-1.6;1.0;-0.4;-1.6;0.7;-0.8;-2.4;0.8
44;007HO17686;Commander;3457;1141;HOBRAC6735A204229;9;1194;2216;-231;455;360;50;670;2836;3.98;-95;100.0;99.4;91.4;0.0;73.7;75.7;;A2A2xA2A2=100%A2A2;AAxAB;3;638.8;-1122.6;2400.3;43.4;-23.9;110.7;32.0;-16.0;80.0;3.0;2.8;3.3;0.4;-2.5;3.2;-0.9;-2.9;1.2;-1.0;-3.1;1.2;1.1;-1.5;3.7;2.6;0.2;5.1;2.4;-6.1;10.9;0.0;-1.3;1.4;-0.8;-2.1;0.5;-0.3;-1.5;0.9;-0.6;-2.2;1.0
45;007HO17593;Betzold;3422;1043;HOBRAC6735A204227;7;1103;2200;-121;461;366;56;676;2811;3.98;-95;100.0;99.4;92.0;0.0;62.5;75.6;;A2A2xA2A2=100%A2A2;BBxAB=50%BB;4;481.8;-1279.6;2243.3;46.4;-20.9;113.7;23.5;-24.5;71.5;2.9;2.6;3.2;0.1;-2.8;2.9;0.9;-1.1;3.0;-1.5;-3.7;0.7;0.4;-2.2;2.9;0.2;-2.2;2.6;0.8;-7.7;9.4;-0.3;-1.7;1.1;-0.6;-1.9;0.7;-0.4;-1.6;0.7;-0.2;-1.8;1.4
46;007HO17697;POwered;3337;1026;HOBRAC6735A204242;22;1200;2606;223;624;529;219;839;2972;3.98;-95;100.0;100.0;99.3;0.0;73.6;75.5;;xA2A2;xBB;0;893.8;-867.6;2655.3;44.9;-22.4;112.2;25.0;-23.0;73.0;2.8;2.5;3.1;2.9;0.1;5.7;1.4;-0.7;3.5;-1.0;-3.2;1.2;0.8;-1.8;3.4;0.2;-2.2;2.7;3.2;-5.3;11.8;0.2;-1.1;1.6;0.1;-1.2;1.4;0.2;-1.0;1.4;-0.6;-2.2;1.0
47;007HO17697;POwered;3337;1026;HOBRAC6735A204225;5;1086;2488;134;580;485;175;795;2912;3.98;-95;100.0;99.9;98.4;0.0;76.5;75.3;;xA2A2;xAA;0;764.3;-997.1;2525.8;45.4;-21.9;112.7;26.5;-21.5;74.5;2.9;2.6;3.2;2.4;-0.5;5.2;0.9;-1.1;3.0;-0.8;-3.0;1.4;1.5;-1.0;4.1;0.8;-1.6;3.3;1.7;-6.8;10.2;0.0;-1.3;1.4;-0.1;-1.4;1.2;-0.9;-2.0;0.3;-0.7;-2.3;1.0
48;007HO17686;Commander;3457;1141;HOBRAC6735A204227;7;1103;2200;-121;510;415;105;725;2828;3.98;-95;100.0;99.8;95.7;0.0;60.6;75.3;;A2A2xA2A2=100%A2A2;AAxAB;3;417.8;-1343.6;2179.3;62.4;-4.9;129.7;29.0;-19.0;77.0;3.1;2.8;3.3;-0.1;-3.0;2.7;-0.1;-2.2;2.0;-2.0;-4.1;0.2;-0.2;-2.8;2.4;-0.3;-2.7;2.1;-0.3;-8.8;8.2;0.1;-1.3;1.5;-0.7;-2.0;0.6;-0.4;-1.6;0.7;-0.4;-2.1;1.2
49;007HO17686;Commander;3457;1141;HOBRAC6735A204265;45;1123;2232;-168;486;391;81;701;2844;3.98;-95;100.0;99.7;94.1;0.0;64.1;75.2;;A2A2xA2A2=100%A2A2;AAxAA;3;1214.3;-547.1;2975.8;43.4;-23.9;110.7;34.0;-14.0;82.0;3.1;2.9;3.4;0.4;-2.5;3.2;-0.6;-2.7;1.5;-1.7;-3.9;0.5;0.2;-2.4;2.7;0.0;-2.4;2.4;1.1;-7.5;9.6;0.2;-1.2;1.6;-0.2;-1.5;1.1;-0.1;-1.2;1.1;-1.2;-2.9;0.4
50;007HO17220;Rosemary;3323;879;HOBRAC6735A204261;41;1121;2552;256;568;472;162;782;2938;3.98;-95;100.0;99.9;98.1;0.0;77.5;75.2;;xA2A2;xBB;0;311.3;-1450.1;2072.8;62.9;-4.4;130.2;25.5;-22.5;73.5;2.9;2.6;3.2;1.3;-1.6;4.1;2.0;-0.0;4.1;-0.7;-2.9;1.5;1.3;-1.3;3.9;1.9;-0.5;4.3;1.6;-7.0;10.1;0.3;-1.1;1.7;-0.4;-1.7;0.9;-0.6;-1.7;0.6;0.2;-1.4;1.8
51;007HO17686;Commander;3457;1141;HOBRAC6735A204239;19;1112;2071;-272;434;339;29;649;2764;3.98;-95;100.0;99.1;89.2;0.0;64.7;75.1;;A2A2xA2A2=100%A2A2;AAxBB=100%AB;4;1370.8;-390.6;3132.3;34.9;-32.4;102.2;33.0;-15.0;81.0;3.1;2.8;3.4;0.4;-2.5;3.2;-1.7;-3.7;0.4;-1.5;-3.6;0.7;0.3;-2.2;2.9;-0.2;-2.6;2.2;0.3;-8.2;8.8;-0.1;-1.5;1.3;-0.6;-1.9;0.7;-0.4;-1.6;0.8;-0.7;-2.3;1.0
52;007HO17220;Rosemary;3323;879;HOBRAC6735A204240;20;1104;2560;215;547;452;142;762;2942;3.98;-95;100.0;99.9;97.4;0.0;79.8;75.0;;xA2A2;xAB;0;686.8;-1074.6;2448.3;53.4;-13.9;120.7;25.0;-23.0;73.0;3.0;2.7;3.3;1.3;-1.5;4.1;2.5;0.4;4.5;-0.4;-2.6;1.8;1.8;-0.8;4.3;0.8;-1.6;3.2;1.1;-7.4;9.6;0.8;-0.6;2.1;0.0;-1.3;1.3;-0.1;-1.3;1.0;-0.1;-1.7;1.6
53;007HO17686;Commander;3457;1141;HOBRAC6735A204244;24;1081;2195;-161;490;395;85;705;2826;3.98;-95;100.0;99.7;94.4;0.0;61.6;74.9;;A2A2xA2A2=100%A2A2;AAxNoCall;3;927.8;-833.6;2689.3;48.4;-18.9;115.7;33.0;-15.0;81.0;3.1;2.8;3.4;0.2;-2.6;3.0;-1.4;-3.5;0.7;-1.9;-4.1;0.3;-0.3;-2.9;2.3;-0.4;-2.8;2.0;1.1;-7.4;9.7;0.5;-0.9;1.8;-0.6;-1.9;0.7;-0.1;-1.3;1.0;-0.4;-2.0;1.3
54;007HO17697;POwered;3337;1026;HOBRAC6735A204221;1;1087;2494;93;560;464;154;774;2916;3.98;-95;100.0;99.9;97.9;0.0;76.8;74.8;;xA1A2;xAB;0;1269.8;-491.6;3031.3;45.4;-21.9;112.7;31.0;-17.0;79.0;3.0;2.7;3.3;2.1;-0.7;4.9;0.7;-1.4;2.7;-0.7;-2.9;1.5;1.1;-1.5;3.6;-0.1;-2.5;2.3;2.5;-6.0;11.1;-0.1;-1.4;1.3;-0.2;-1.5;1.1;-0.4;-1.5;0.8;-0.2;-1.8;1.5
55;007HO17593;Betzold;3422;1043;HOBRAC6735A204232;12;1089;2056;-286;378;283;-27;593;2739;3.98;-95;99.9;97.8;81.1;0.0;72.8;74.6;;A2A2xA2A2=100%A2A2;BBxAB=50%BB;4;1020.3;-741.1;2781.8;20.9;-46.4;88.2;23.0;-25.0;71.0;2.9;2.6;3.2;0.7;-2.1;3.5;0.6;-1.5;2.7;-0.7;-2.9;1.5;1.2;-1.3;3.8;0.9;-1.6;3.3;2.0;-6.5;10.5;-0.3;-1.7;1.0;-0.8;-2.1;0.5;-0.3;-1.5;0.9;-0.4;-2.1;1.2
56;007HO17220;Rosemary;3323;879;HOBRAC6735A204260;40;1118;2444;196;538;442;132;752;2884;3.98;-95;100.0;99.9;97.0;0.0;79.7;74.6;;xA2A2;xBB;0;156.3;-1605.1;1917.8;46.9;-20.4;114.2;23.5;-24.5;71.5;2.9;2.6;3.2;1.7;-1.2;4.5;2.3;0.2;4.4;0.1;-2.1;2.3;1.9;-0.6;4.5;1.5;-1.0;3.9;1.6;-6.9;10.1;0.5;-0.9;1.9;-0.6;-1.9;0.7;-0.6;-1.8;0.5;-0.4;-2.0;1.3
57;007HO17537;Shimmy;3247;815;HOBRAC6735A204234;14;1186;2704;353;584;489;179;799;2976;3.98;-95;100.0;100.0;98.5;0.0;68.6;74.4;;xA2A2;xAB;0;991.8;-769.6;2753.3;36.9;-30.4;104.2;41.0;-7.0;89.0;3.0;2.7;3.3;1.4;-1.4;4.2;0.0;-2.1;2.1;-1.4;-3.6;0.8;0.1;-2.4;2.7;1.8;-0.6;4.2;3.5;-5.1;12.0;0.2;-1.2;1.5;-0.0;-1.3;1.3;-0.0;-1.2;1.1;-0.9;-2.5;0.7
58;007HO17686;Commander;3457;1141;HOBRAC6735A204232;12;1089;2056;-286;428;332;22;642;2756;3.98;-95;100.0;99.0;88.3;0.0;71.6;74.4;;A2A2xA2A2=100%A2A2;AAxAB;3;956.3;-805.1;2717.8;36.9;-30.4;104.2;28.5;-19.5;76.5;3.0;2.7;3.3;0.5;-2.3;3.3;-0.5;-2.5;1.6;-1.2;-3.3;1.0;0.7;-1.9;3.3;0.3;-2.1;2.8;0.8;-7.7;9.4;0.0;-1.3;1.4;-0.9;-2.2;0.4;-0.3;-1.5;0.9;-0.6;-2.3;1.0
59;007HO17537;Shimmy;3247;815;HOBRAC6735A204243;23;1102;2610;269;542;447;137;757;2928;3.98;-95;100.0;99.9;97.2;0.0;76.2;74.3;;xA1A2;xBB;0;446.8;-1314.6;2208.3;39.4;-27.9;106.7;20.0;-28.0;68.0;3.0;2.7;3.2;1.7;-1.2;4.5;1.6;-0.5;3.7;-0.3;-2.4;1.9;1.4;-1.2;4.0;2.1;-0.3;4.5;2.8;-5.8;11.3;0.4;-1.0;1.8;0.4;-0.9;1.7;0.1;-1.1;1.2;-0.5;-2.1;1.2
60;007HO17220;Rosemary;3323;879;HOBRAC6735A204242;22;1200;2606;223;551;456;146;766;2964;3.98;-95;100.0;99.9;97.6;0.0;73.7;74.3;;xA2A2;xBB;0;646.8;-1114.6;2408.3;37.9;-29.4;105.2;23.5;-24.5;71.5;2.8;2.5;3.1;2.8;-0.0;5.6;2.0;-0.1;4.1;-0.7;-2.8;1.5;1.0;-1.6;3.6;0.8;-1.6;3.2;2.2;-6.4;10.7;0.6;-0.8;2.0;0.4;-0.9;1.7;0.4;-0.8;1.5;-0.5;-2.1;1.2
61;007HO17593;Betzold;3422;1043;HOBRAC6735A204238;18;1110;2290;-147;448;353;43;663;2856;3.98;-95;100.0;99.3;90.7;0.0;71.4;73.7;;A2A2xA1A2=50%A2A2;BBxAB=50%BB;2;1498.8;-262.6;3260.3;26.4;-40.9;93.7;33.0;-15.0;81.0;3.0;2.7;3.3;0.9;-1.9;3.7;-0.4;-2.5;1.6;-1.2;-3.3;1.0;0.7;-1.9;3.2;0.8;-1.7;3.2;3.4;-5.1;11.9;0.0;-1.4;1.4;-0.1;-1.3;1.2;-0.3;-1.5;0.8;-0.3;-1.9;1.4
62;007HO17593;Betzold;3422;1043;HOBRAC6735A204244;24;1081;2195;-161;441;346;36;656;2808;3.98;-95;100.0;99.2;89.9;0.0;63.5;73.7;;A2A2xA2A2=100%A2A2;BBxNoCall;3;991.8;-769.6;2753.3;32.4;-34.9;99.7;27.5;-20.5;75.5;3.0;2.7;3.3;0.4;-2.4;3.2;-0.3;-2.4;1.7;-1.5;-3.6;0.7;0.2;-2.3;2.8;0.1;-2.3;2.5;2.3;-6.2;10.8;0.1;-1.3;1.4;-0.5;-1.8;0.8;-0.1;-1.3;1.0;-0.2;-1.8;1.5
63;007HO17697;POwered;3337;1026;HOBRAC6735A204241;21;1109;2451;-48;489;394;84;704;2894;3.98;-95;100.0;99.7;94.3;0.0;82.5;73.7;;xA2A2;xAB;0;1244.8;-516.6;3006.3;28.9;-38.4;96.2;26.0;-22.0;74.0;3.0;2.7;3.3;2.0;-0.8;4.8;1.2;-0.9;3.3;0.4;-1.7;2.6;2.2;-0.3;4.8;0.8;-1.6;3.3;3.3;-5.2;11.8;0.5;-0.9;1.9;-0.1;-1.4;1.2;-0.1;-1.2;1.1;-0.3;-1.9;1.4
64;522HO04563;Hendricks;3062;488;HOBRAC6735A204234;14;1186;2704;353;420;325;15;635;2883;3.98;-95;100.0;98.9;87.4;0.0;64.2;73.5;;A2A2xA2A2=100%A2A2;ABxAB;3;1073.3;-688.1;2834.8;22.9;-44.4;90.2;39.0;-9.0;87.0;2.9;2.6;3.2;1.3;-1.6;4.1;-0.8;-2.9;1.3;-1.9;-4.0;0.3;-0.1;-2.7;2.4;0.1;-2.3;2.5;2.6;-5.9;11.1;0.1;-1.3;1.5;0.3;-1.0;1.6;-0.4;-1.5;0.8;-0.5;-2.2;1.1
65;007HO17537;Shimmy;3247;815;HOBRAC6735A204261;41;1121;2552;256;536;440;130;750;2900;3.98;-95;100.0;99.9;97.0;0.0;72.0;73.4;;xA2A2;xBB;0;391.3;-1370.1;2152.8;54.4;-12.9;121.7;26.5;-21.5;74.5;3.0;2.7;3.3;0.7;-2.2;3.5;0.9;-1.2;3.0;-1.2;-3.3;1.0;0.5;-2.1;3.1;2.3;-0.1;4.7;3.2;-5.3;11.8;-0.1;-1.5;1.3;-0.4;-1.7;0.9;-0.3;-1.5;0.8;-0.0;-1.7;1.6
66;522HO04563;Hendricks;3062;488;HOBRAC6735A204242;22;1200;2606;223;356;260;-50;570;2834;3.98;-95;99.9;96.9;76.9;0.0;67.4;73.3;;A2A2xA2A2=100%A2A2;ABxBB=50%BB;4;808.3;-953.1;2569.8;15.4;-51.9;82.7;22.5;-25.5;70.5;2.8;2.5;3.1;2.1;-0.8;4.9;0.1;-2.0;2.1;-1.6;-3.7;0.6;-0.1;-2.7;2.5;-0.5;-2.9;1.9;3.0;-5.5;11.5;0.2;-1.2;1.5;0.7;-0.6;2.0;0.2;-0.9;1.4;-0.3;-2.0;1.3
67;007HO17220;Rosemary;3323;879;HOBRAC6735A204225;5;1086;2488;134;506;411;101;721;2906;3.98;-95;100.0;99.8;95.5;0.0;76.7;73.3;;xA2A2;xAA;0;517.3;-1244.1;2278.8;38.4;-28.9;105.7;25.0;-23.0;73.0;2.9;2.6;3.2;2.3;-0.6;5.1;1.6;-0.5;3.6;-0.5;-2.6;1.7;1.8;-0.8;4.3;1.4;-1.0;3.8;0.6;-7.9;9.1;0.4;-1.0;1.8;0.3;-1.0;1.6;-0.7;-1.8;0.5;-0.5;-2.1;1.1
68;007HO17697;POwered;3337;1026;HOBRAC6735A204246;26;1083;2256;52;539;444;134;754;2796;3.98;-95;100.0;99.9;97.1;0.0;72.3;73.2;;xA2A2;xAB;0;594.3;-1167.1;2355.8;39.9;-27.4;107.2;20.5;-27.5;68.5;3.0;2.7;3.3;1.2;-1.6;4.0;0.6;-1.5;2.7;-1.1;-3.3;1.1;1.1;-1.5;3.6;0.4;-2.0;2.8;2.2;-6.3;10.8;0.4;-0.9;1.8;-0.6;-1.9;0.7;-0.5;-1.7;0.6;-1.0;-2.6;0.6
69;007HO17537;Shimmy;3247;815;HOBRAC6735A204240;20;1104;2560;215;515;420;110;730;2904;3.98;-95;100.0;99.8;95.9;0.0;74.2;73.2;;xA2A2;xAB;0;766.8;-994.6;2528.3;44.9;-22.4;112.2;26.0;-22.0;74.0;3.1;2.8;3.4;0.7;-2.1;3.5;1.3;-0.8;3.4;-0.9;-3.0;1.3;0.9;-1.6;3.5;1.2;-1.2;3.6;2.8;-5.7;11.3;0.3;-1.0;1.7;0.0;-1.3;1.3;0.1;-1.1;1.3;-0.3;-1.9;1.3
70;522HO04563;Hendricks;3062;488;HOBRAC6735A204261;41;1121;2552;256;372;277;-33;587;2807;3.98;-95;99.9;97.6;80.0;0.0;63.1;73.1;;A2A2xA2A2=100%A2A2;ABxBB=50%BB;4;472.8;-1288.6;2234.3;40.4;-26.9;107.7;24.5;-23.5;72.5;2.9;2.6;3.2;0.5;-2.3;3.3;0.1;-2.0;2.2;-1.6;-3.8;0.6;0.2;-2.4;2.8;0.6;-1.8;3.0;2.4;-6.1;10.9;-0.2;-1.5;1.2;-0.1;-1.4;1.2;-0.7;-1.9;0.5;0.3;-1.3;2.0
71;522HO04563;Hendricks;3062;488;HOBRAC6735A204260;40;1118;2444;196;342;247;-63;557;2753;3.98;-95;99.9;96.3;74.2;0.0;69.5;73.0;;A2A2xA2A2=100%A2A2;ABxBB=50%BB;4;317.8;-1443.6;2079.3;24.4;-42.9;91.7;22.5;-25.5;70.5;2.9;2.6;3.2;0.9;-1.9;3.7;0.4;-1.7;2.4;-0.8;-3.0;1.4;0.8;-1.7;3.4;0.2;-2.3;2.6;2.5;-6.1;11.0;0.1;-1.3;1.4;-0.3;-1.6;1.0;-0.8;-1.9;0.4;-0.2;-1.9;1.4
72;007HO17686;Commander;3457;1141;HOBRAC6735A204249;29;1108;2030;-374;384;288;-22;598;2744;3.98;-95;100.0;98.0;81.9;0.0;71.0;73.0;;A2A2xA2A2=100%A2A2;AAxAA;3;599.3;-1162.1;2360.8;26.4;-40.9;93.7;20.0;-28.0;68.0;3.1;2.8;3.4;1.1;-1.7;3.9;0.7;-1.4;2.8;-0.9;-3.0;1.3;1.0;-1.6;3.6;0.0;-2.4;2.4;-1.3;-9.8;7.2;0.2;-1.1;1.6;-0.3;-1.6;1.0;0.1;-1.1;1.2;-0.8;-2.4;0.9
73;007HO17686;Commander;3457;1141;HOBRAC6735A204238;18;1110;2290;-147;497;402;92;712;2874;3.98;-95;100.0;99.7;94.9;0.0;66.4;72.9;;A2A2xA1A2=50%A2A2;AAxAB;1;1434.8;-326.6;3196.3;42.4;-24.9;109.7;38.5;-9.5;86.5;3.1;2.8;3.4;0.7;-2.1;3.5;-1.5;-3.6;0.6;-1.6;-3.8;0.6;0.1;-2.5;2.7;0.2;-2.2;2.7;2.2;-6.3;10.8;0.4;-1.0;1.8;-0.1;-1.4;1.2;-0.3;-1.5;0.8;-0.5;-2.1;1.1
74;007HO17593;Betzold;3422;1043;HOBRAC6735A204249;29;1108;2030;-374;334;239;-71;549;2726;3.98;-95;99.9;95.9;72.7;0.0;70.8;72.9;;A2A2xA2A2=100%A2A2;BBxAA=100%AB;4;663.3;-1098.1;2424.8;10.4;-56.9;77.7;14.5;-33.5;62.5;3.0;2.7;3.3;1.3;-1.5;4.1;1.8;-0.3;3.8;-0.4;-2.6;1.8;1.6;-1.0;4.1;0.5;-1.9;2.9;-0.1;-8.7;8.4;-0.1;-1.5;1.2;-0.2;-1.5;1.1;0.1;-1.1;1.2;-0.5;-2.2;1.1
75;007HO17686;Commander;3457;1141;HOBRAC6735A204251;31;1088;1983;-273;434;339;29;649;2720;3.98;-95;100.0;99.1;89.1;0.0;60.4;72.8;;A2A2xA2A2=100%A2A2;AAxNoCall;3;767.8;-993.6;2529.3;40.4;-26.9;107.7;27.5;-20.5;75.5;3.1;2.8;3.4;-0.2;-3.1;2.6;-0.9;-2.9;1.2;-1.6;-3.7;0.6;0.2;-2.4;2.8;0.5;-1.9;2.9;-0.1;-8.7;8.4;0.0;-1.3;1.4;-0.9;-2.2;0.4;-0.6;-1.8;0.5;-1.2;-2.9;0.4
76;007HO17220;Rosemary;3323;879;HOBRAC6735A204221;1;1087;2494;93;486;391;81;701;2908;3.98;-95;100.0;99.6;94.1;0.0;76.9;72.8;;xA1A2;xAB;0;1022.8;-738.6;2784.3;38.4;-28.9;105.7;29.5;-18.5;77.5;3.0;2.7;3.2;2.0;-0.8;4.8;1.2;-0.8;3.3;-0.4;-2.5;1.8;1.2;-1.3;3.8;0.5;-2.0;2.9;1.5;-7.1;10.0;0.3;-1.1;1.7;0.1;-1.2;1.4;-0.2;-1.4;1.0;-0.0;-1.6;1.6
77;007HO17537;Shimmy;3247;815;HOBRAC6735A204260;40;1118;2444;196;506;410;100;720;2846;3.98;-95;100.0;99.8;95.4;0.0;74.2;72.7;;xA2A2;xBB;0;236.3;-1525.1;1997.8;38.4;-28.9;105.7;24.5;-23.5;72.5;3.0;2.7;3.3;1.1;-1.8;3.9;1.2;-0.9;3.2;-0.4;-2.5;1.8;1.1;-1.4;3.7;1.9;-0.6;4.3;3.3;-5.2;11.8;0.1;-1.3;1.5;-0.6;-1.8;0.7;-0.4;-1.6;0.8;-0.6;-2.2;1.0
78;007HO17593;Betzold;3422;1043;HOBRAC6735A204251;31;1088;1983;-273;385;290;-20;600;2702;3.98;-95;100.0;98.0;82.2;0.0;69.6;72.7;;A2A2xA2A2=100%A2A2;BBxNoCall;3;831.8;-929.6;2593.3;24.4;-42.9;91.7;22.0;-26.0;70.0;3.0;2.7;3.3;-0.0;-2.9;2.8;0.2;-1.9;2.3;-1.1;-3.3;1.1;0.8;-1.8;3.3;1.0;-1.4;3.4;1.0;-7.5;9.5;-0.3;-1.7;1.0;-0.8;-2.1;0.5;-0.6;-1.8;0.6;-1.0;-2.7;0.6
79;007HO17697;POwered;3337;1026;HOBRAC6735A204264;44;1120;2364;68;547;452;142;762;2850;3.98;-95;100.0;99.9;97.4;0.0;65.2;72.5;;xA2A2;xAB;0;462.3;-1299.1;2223.8;62.9;-4.4;130.2;26.0;-22.0;74.0;3.0;2.7;3.3;0.4;-2.5;3.2;0.7;-1.4;2.7;-1.7;-3.9;0.5;0.3;-2.3;2.9;0.1;-2.3;2.5;1.0;-7.5;9.5;-0.1;-1.4;1.3;-0.6;-1.9;0.7;-0.8;-1.9;0.4;-0.2;-1.8;1.4
80;007HO17593;Betzold;3422;1043;HOBRAC6735A204254;34;1187;1859;-373;335;240;-70;550;2640;3.98;-95;99.9;95.9;72.8;0.0;70.1;72.5;;A2A2xA2A2=100%A2A2;BBxAB=50%BB;4;281.8;-1479.6;2043.3;26.4;-40.9;93.7;15.5;-32.5;63.5;3.0;2.7;3.3;-0.4;-3.3;2.4;1.1;-1.0;3.1;-0.7;-2.9;1.5;0.9;-1.7;3.4;1.5;-1.0;3.9;1.4;-7.1;9.9;-0.6;-1.9;0.8;-1.2;-2.5;0.0;-0.6;-1.8;0.5;-0.8;-2.4;0.8
81;007HO17537;Shimmy;3247;815;HOBRAC6735A204242;22;1200;2606;223;519;424;114;734;2926;3.98;-95;100.0;99.8;96.2;0.0;68.2;72.5;;xA2A2;xBB;0;726.8;-1034.6;2488.3;29.4;-37.9;96.7;24.5;-23.5;72.5;2.9;2.6;3.2;2.2;-0.6;5.0;0.8;-1.2;2.9;-1.1;-3.3;1.1;0.2;-2.4;2.8;1.2;-1.2;3.6;3.9;-4.7;12.4;0.2;-1.2;1.6;0.4;-0.9;1.7;0.6;-0.6;1.8;-0.7;-2.3;0.9
82;007HO17686;Commander;3457;1141;HOBRAC6735A204254;34;1187;1859;-373;384;289;-21;599;2658;3.98;-95;100.0;98.0;82.0;0.0;68.9;72.4;;A2A2xA2A2=100%A2A2;AAxAB;3;217.8;-1543.6;1979.3;42.4;-24.9;109.7;21.0;-27.0;69.0;3.1;2.9;3.4;-0.6;-3.5;2.2;0.0;-2.1;2.1;-1.2;-3.3;1.0;0.3;-2.3;2.9;0.9;-1.5;3.4;0.2;-8.3;8.8;-0.2;-1.5;1.2;-1.3;-2.6;-0.0;-0.6;-1.8;0.5;-1.0;-2.7;0.6
83;007HO17593;Betzold;3422;1043;HOBRAC6735A204230;10;1105;2139;-430;306;211;-99;521;2780;3.98;-95;99.8;94.1;66.5;0.0;70.7;72.1;;A2A2xA2A2=100%A2A2;BBxAB=50%BB;4;1059.8;-701.6;2821.3;19.4;-47.9;86.7;20.0;-28.0;68.0;2.9;2.6;3.2;0.3;-2.6;3.1;-0.9;-3.0;1.1;-1.0;-3.2;1.2;1.0;-1.6;3.6;0.9;-1.5;3.3;3.7;-4.8;12.2;0.4;-1.0;1.8;0.2;-1.1;1.5;-0.0;-1.2;1.1;0.3;-1.3;2.0
84;522HO04563;Hendricks;3062;488;HOBRAC6735A204240;20;1104;2560;215;352;256;-54;566;2811;3.98;-95;99.9;96.7;76.1;0.0;69.5;72.0;;A2A2xA2A2=100%A2A2;ABxAB;3;848.3;-913.1;2609.8;30.9;-36.4;98.2;24.0;-24.0;72.0;3.0;2.7;3.3;0.6;-2.3;3.4;0.5;-1.6;2.6;-1.3;-3.5;0.9;0.6;-1.9;3.2;-0.5;-2.9;1.9;1.9;-6.6;10.5;0.3;-1.1;1.7;0.3;-1.0;1.6;-0.2;-1.4;0.9;0.1;-1.6;1.7
85;007HO17593;Betzold;3422;1043;HOBRAC6735A204224;4;1189;1754;-391;326;231;-79;541;2588;3.98;-95;99.8;95.4;70.9;0.0;67.7;71.7;;A2A2xA2A2=100%A2A2;BBxAA=100%AB;4;775.8;-985.6;2537.3;15.4;-51.9;82.7;16.0;-32.0;64.0;3.0;2.7;3.3;0.1;-2.8;2.9;1.0;-1.1;3.1;-1.1;-3.2;1.1;0.6;-2.0;3.2;0.2;-2.2;2.6;0.8;-7.8;9.3;-0.3;-1.7;1.1;-1.4;-2.7;-0.1;-0.8;-2.0;0.4;-1.0;-2.6;0.7
86;522HO04563;Hendricks;3062;488;HOBRAC6735A204243;23;1102;2610;269;378;283;-27;593;2836;3.98;-95;99.9;97.8;81.1;0.0;71.5;71.7;;A2A2xA1A2=50%A2A2;ABxBB=50%BB;2;528.3;-1233.1;2289.8;25.4;-41.9;92.7;18.0;-30.0;66.0;2.9;2.6;3.2;1.5;-1.3;4.3;0.8;-1.3;2.9;-0.7;-2.9;1.5;1.1;-1.5;3.7;0.4;-2.0;2.8;1.9;-6.6;10.4;0.3;-1.0;1.7;0.7;-0.6;2.0;-0.3;-1.4;0.9;-0.1;-1.7;1.5
87;007HO17697;POwered;3337;1026;HOBRAC6735A204266;46;1113;2208;-76;475;380;70;690;2772;3.98;-95;100.0;99.6;93.2;0.0;74.1;71.7;;xA2A2;xAB;0;522.8;-1238.6;2284.3;37.9;-29.4;105.2;20.5;-27.5;68.5;3.0;2.7;3.3;0.9;-2.0;3.7;1.9;-0.2;3.9;-0.6;-2.7;1.6;1.1;-1.5;3.7;-0.4;-2.8;2.0;0.8;-7.7;9.3;-0.1;-1.4;1.3;-0.8;-2.0;0.5;-0.7;-1.9;0.4;-0.3;-1.9;1.4
88;007HO17686;Commander;3457;1141;HOBRAC6735A204264;44;1120;2364;68;604;509;199;819;2910;3.98;-95;100.0;100.0;99.0;0.0;18.4;71.6;;A2A2xA2A2=100%A2A2;AAxAB;3;612.3;-1149.1;2373.8;76.4;9.1;143.7;37.0;-11.0;85.0;3.1;2.8;3.4;-0.2;-3.1;2.6;-0.6;-2.6;1.5;-2.3;-4.5;-0.1;-0.2;-2.8;2.4;0.4;-2.0;2.9;0.3;-8.2;8.9;0.0;-1.3;1.4;-0.7;-2.0;0.6;-0.5;-1.7;0.7;-0.6;-2.2;1.0
89;007HO17220;Rosemary;3323;879;HOBRAC6735A204241;21;1109;2451;-48;416;320;10;630;2887;3.98;-95;100.0;98.8;86.8;0.0;82.6;71.6;;xA2A2;xAB;0;997.8;-763.6;2759.3;21.9;-45.4;89.2;24.5;-23.5;72.5;3.0;2.7;3.3;1.9;-0.9;4.7;1.8;-0.3;3.9;0.8;-1.4;3.0;2.5;-0.1;5.0;1.4;-1.0;3.8;2.2;-6.3;10.7;0.8;-0.5;2.2;0.2;-1.1;1.5;0.1;-1.1;1.2;-0.1;-1.7;1.5
90;007HO17537;Shimmy;3247;815;HOBRAC6735A204225;5;1086;2488;134;474;379;69;689;2868;3.98;-95;100.0;99.6;93.2;0.0;71.2;71.5;;xA2A2;xAA;0;597.3;-1164.1;2358.8;29.9;-37.4;97.2;26.0;-22.0;74.0;2.9;2.7;3.2;1.7;-1.2;4.5;0.4;-1.7;2.5;-0.9;-3.1;1.3;0.9;-1.6;3.5;1.8;-0.6;4.2;2.3;-6.2;10.8;0.0;-1.4;1.4;0.3;-1.0;1.6;-0.5;-1.6;0.7;-0.8;-2.4;0.9
91;007HO17686;Commander;3457;1141;HOBRAC6735A204226;6;1107;2249;-225;458;363;53;673;2853;3.98;-95;100.0;99.4;91.7;0.0;64.0;71.4;;A2A2xA1A2=50%A2A2;AAxAE;1;727.8;-1033.6;2489.3;44.4;-22.9;111.7;32.0;-16.0;80.0;3.1;2.8;3.4;0.4;-2.5;3.2;-1.1;-3.2;0.9;-1.5;-3.7;0.7;0.2;-2.3;2.8;0.2;-2.3;2.6;1.3;-7.2;9.8;0.4;-1.0;1.8;-0.1;-1.4;1.2;0.0;-1.1;1.2;-0.2;-1.8;1.4
92;007HO17220;Rosemary;3323;879;HOBRAC6735A204264;44;1120;2364;68;474;378;68;688;2844;3.98;-95;100.0;99.6;93.1;0.0;70.9;71.4;;xA2A2;xAB;0;215.3;-1546.1;1976.8;55.9;-11.4;123.2;24.5;-23.5;72.5;3.0;2.7;3.3;0.3;-2.6;3.1;1.2;-0.8;3.3;-1.4;-3.5;0.8;0.5;-2.1;3.1;0.7;-1.8;3.1;-0.1;-8.6;8.4;0.3;-1.1;1.7;-0.3;-1.6;1.0;-0.6;-1.7;0.6;-0.1;-1.7;1.6
93;007HO17697;POwered;3337;1026;HOBRAC6735A204247;27;1114;2214;-69;478;383;73;693;2776;3.98;-95;100.0;99.6;93.5;0.0;71.2;71.3;;xA2A2;xAA;0;1043.3;-718.1;2804.8;41.4;-25.9;108.7;22.0;-26.0;70.0;2.9;2.6;3.2;1.3;-1.5;4.1;0.2;-1.8;2.3;-1.3;-3.4;0.9;0.4;-2.2;3.0;-0.8;-3.2;1.6;1.3;-7.2;9.9;-0.1;-1.5;1.3;-0.7;-2.0;0.6;-0.7;-1.9;0.4;-0.1;-1.7;1.5
94;007HO17220;Rosemary;3323;879;HOBRAC6735A204246;26;1083;2256;52;466;370;60;680;2790;3.98;-95;100.0;99.5;92.4;0.0;72.5;71.2;;xA2A2;xAB;0;347.3;-1414.1;2108.8;32.9;-34.4;100.2;19.0;-29.0;67.0;3.0;2.7;3.3;1.1;-1.7;3.9;1.2;-0.9;3.3;-0.8;-2.9;1.4;1.2;-1.3;3.8;1.0;-1.5;3.4;1.1;-7.4;9.7;0.8;-0.6;2.2;-0.3;-1.6;1.0;-0.3;-1.5;0.8;-0.8;-2.5;0.8
95;007HO17686;Commander;3457;1141;HOBRAC6735A204230;10;1105;2139;-430;356;260;-50;570;2798;3.98;-95;99.9;96.9;76.9;0.0;62.7;71.0;;A2A2xA2A2=100%A2A2;AAxAB;3;995.8;-765.6;2757.3;35.4;-31.9;102.7;25.5;-22.5;73.5;3.0;2.7;3.3;0.1;-2.8;2.9;-2.0;-4.1;0.1;-1.5;-3.6;0.7;0.4;-2.1;3.0;0.4;-2.0;2.8;2.5;-6.0;11.1;0.8;-0.6;2.2;0.1;-1.2;1.4;-0.0;-1.2;1.1;0.1;-1.5;1.8
96;007HO17697;POwered;3337;1026;HOBRAC6735A204262;42;1116;2188;-118;454;359;49;669;2762;3.98;-95;100.0;99.4;91.3;0.0;73.6;71.0;;xA2A2;xAB;0;189.3;-1572.1;1950.8;40.9;-26.4;108.2;16.5;-31.5;64.5;3.0;2.7;3.3;0.8;-2.0;3.6;1.1;-0.9;3.2;-0.5;-2.6;1.7;1.0;-1.6;3.6;-0.3;-2.8;2.1;0.7;-7.8;9.2;-0.1;-1.4;1.3;-0.6;-1.9;0.7;-0.7;-1.9;0.4;-0.5;-2.1;1.2
97;007HO17537;Shimmy;3247;815;HOBRAC6735A204221;1;1087;2494;93;454;359;49;669;2870;3.98;-95;100.0;99.4;91.3;0.0;71.4;71.0;;xA1A2;xAB;0;1102.8;-658.6;2864.3;29.9;-37.4;97.2;30.5;-17.5;78.5;3.0;2.7;3.3;1.4;-1.4;4.2;0.1;-2.0;2.2;-0.8;-3.0;1.4;0.5;-2.1;3.0;0.8;-1.6;3.3;3.1;-5.4;11.7;-0.1;-1.5;1.3;0.1;-1.2;1.4;0.0;-1.1;1.2;-0.2;-1.9;1.4
98;007HO17593;Betzold;3422;1043;HOBRAC6735A204226;6;1107;2249;-225;409;314;4;624;2836;3.98;-95;100.0;98.6;85.9;0.0;70.4;70.9;;A2A2xA1A2=50%A2A2;BBxAE;1;791.8;-969.6;2553.3;28.4;-38.9;95.7;26.5;-21.5;74.5;3.0;2.7;3.3;0.6;-2.3;3.4;-0.1;-2.2;2.0;-1.1;-3.2;1.1;0.8;-1.8;3.4;0.7;-1.8;3.1;2.4;-6.1;11.0;0.0;-1.4;1.4;-0.0;-1.3;1.3;0.0;-1.1;1.2;-0.0;-1.6;1.6
99;007HO17697;POwered;3337;1026;HOBRAC6735A204256;36;1169;2158;-124;451;356;46;666;2748;3.98;-95;100.0;99.3;91.0;0.0;72.0;70.6;;xA2A2;xBB;0;799.3;-962.1;2560.8;20.9;-46.4;88.2;23.0;-25.0;71.0;3.0;2.7;3.3;1.9;-0.9;4.7;1.4;-0.7;3.4;-0.6;-2.7;1.6;1.1;-1.5;3.6;-0.6;-3.0;1.8;2.2;-6.3;10.8;0.1;-1.3;1.5;-0.7;-2.0;0.6;-0.8;-1.9;0.4;-0.7;-2.3;0.9
100;007HO17686;Commander;3457;1141;HOBRAC6735A204224;4;1189;1754;-391;375;280;-30;590;2606;3.98;-95;99.9;97.7;80.5;0.0;59.4;70.6;;A2A2xA2A2=100%A2A2;AAxAA;3;711.8;-1049.6;2473.3;31.4;-35.9;98.7;21.5;-26.5;69.5;3.1;2.8;3.4;-0.1;-3.0;2.7;-0.1;-2.1;2.0;-1.5;-3.7;0.7;0.1;-2.5;2.6;-0.3;-2.7;2.1;-0.4;-8.9;8.1;0.1;-1.3;1.5;-1.5;-2.7;-0.2;-0.8;-2.0;0.4;-1.2;-2.8;0.5
101;007HO17697;POwered;3337;1026;HOBRAC6735A204245;25;1091;2172;-131;448;352;42;662;2754;3.98;-95;100.0;99.3;90.6;0.0;72.2;70.6;;xA2A2;xAB;0;1035.8;-725.6;2797.3;24.9;-42.4;92.2;19.5;-28.5;67.5;3.0;2.8;3.3;1.5;-1.3;4.3;0.9;-1.2;2.9;-0.6;-2.8;1.6;0.8;-1.8;3.3;-0.4;-2.8;2.0;1.2;-7.3;9.8;0.1;-1.2;1.5;-0.2;-1.5;1.1;-0.4;-1.6;0.7;-0.6;-2.3;1.0
102;007HO17697;POwered;3337;1026;HOBRAC6735A204238;18;1110;2290;-147;440;344;34;654;2814;3.98;-95;100.0;99.2;89.7;0.0;71.5;70.4;;xA1A2;xAB;0;1284.8;-476.6;3046.3;28.9;-38.4;96.2;27.5;-20.5;75.5;3.0;2.7;3.3;1.3;-1.5;4.1;-0.3;-2.4;1.8;-1.0;-3.2;1.2;0.6;-2.0;3.2;-0.1;-2.5;2.3;2.9;-5.6;11.4;0.3;-1.1;1.7;-0.1;-1.4;1.2;-0.6;-1.7;0.6;-0.1;-1.7;1.5
103;007HO17686;Commander;3457;1141;HOBRAC6735A204223;3;1115;1814;-509;316;221;-89;531;2636;3.98;-95;99.8;94.7;68.6;0.0;69.4;70.3;;A2A2xA2A2=100%A2A2;AAxAA;3;554.3;-1207.1;2315.8;30.4;-36.9;97.7;18.5;-29.5;66.5;3.1;2.8;3.4;-0.2;-3.1;2.6;-0.2;-2.2;1.9;-0.9;-3.1;1.3;0.4;-2.1;3.0;-0.5;-3.0;1.9;-0.6;-9.1;8.0;-0.1;-1.5;1.3;-1.0;-2.2;0.3;-0.5;-1.6;0.7;-0.4;-2.0;1.3
104;007HO17697;POwered;3337;1026;HOBRAC6735A204236;16;1082;2158;-128;449;354;44;664;2748;3.98;-95;100.0;99.3;90.8;0.0;69.5;70.2;;xA2A2;xBB;0;643.3;-1118.1;2404.8;33.4;-33.9;100.7;21.5;-26.5;69.5;2.9;2.7;3.2;1.3;-1.5;4.1;0.6;-1.5;2.7;-1.0;-3.2;1.2;0.3;-2.2;2.9;-1.1;-3.5;1.4;0.8;-7.7;9.3;0.1;-1.3;1.5;-0.7;-2.0;0.6;-0.5;-1.7;0.6;-0.4;-2.0;1.2
105;007HO17593;Betzold;3422;1043;HOBRAC6735A204223;3;1115;1814;-509;267;172;-138;482;2618;3.98;-95;99.5;90.5;57.0;0.0;70.7;70.2;;A2A2xA2A2=100%A2A2;BBxAA=100%AB;4;618.3;-1143.1;2379.8;14.4;-52.9;81.7;13.0;-35.0;61.0;2.9;2.7;3.2;-0.0;-2.9;2.8;0.9;-1.2;3.0;-0.5;-2.6;1.7;1.0;-1.6;3.6;-0.0;-2.5;2.4;0.6;-7.9;9.1;-0.5;-1.9;0.9;-0.9;-2.2;0.4;-0.5;-1.6;0.7;-0.1;-1.8;1.5
106;522HO04563;Hendricks;3062;488;HOBRAC6735A204225;5;1086;2488;134;311;216;-94;526;2775;3.98;-95;99.8;94.4;67.5;0.0;66.5;70.1;;A2A2xA2A2=100%A2A2;ABxAA;3;678.8;-1082.6;2440.3;15.9;-51.4;83.2;24.0;-24.0;72.0;2.9;2.6;3.2;1.5;-1.3;4.3;-0.4;-2.5;1.7;-1.4;-3.5;0.8;0.6;-1.9;3.2;0.1;-2.3;2.5;1.4;-7.1;10.0;-0.1;-1.4;1.3;0.5;-0.8;1.8;-0.8;-2.0;0.3;-0.4;-2.0;1.2
107;007HO17697;POwered;3337;1026;HOBRAC6735A204265;45;1123;2232;-168;429;334;24;644;2784;3.98;-95;100.0;99.0;88.5;0.0;70.8;69.9;;xA2A2;xAA;0;1064.3;-697.1;2825.8;29.9;-37.4;97.2;23.0;-25.0;71.0;3.1;2.8;3.4;1.0;-1.9;3.8;0.6;-1.5;2.7;-1.1;-3.3;1.1;0.7;-1.9;3.2;-0.3;-2.8;2.1;1.7;-6.8;10.2;0.1;-1.3;1.5;-0.2;-1.4;1.1;-0.3;-1.5;0.8;-0.8;-2.5;0.8
108;007HO17686;Commander;3457;1141;HOBRAC6735A204255;35;1180;1898;-362;390;294;-16;604;2678;3.98;-95;100.0;98.1;82.9;0.0;70.4;69.9;;A2A2xA1A2=50%A2A2;AAxAE;1;688.8;-1072.6;2450.3;30.9;-36.4;98.2;20.5;-27.5;68.5;3.1;2.8;3.4;0.2;-2.6;3.0;0.0;-2.0;2.1;-1.1;-3.2;1.1;0.8;-1.8;3.3;0.8;-1.6;3.2;0.2;-8.3;8.8;-0.2;-1.5;1.2;-1.0;-2.3;0.3;-0.5;-1.7;0.6;-1.0;-2.6;0.7
109;007HO17537;Shimmy;3247;815;HOBRAC6735A204241;21;1109;2451;-48;384;288;-22;598;2849;3.98;-95;100.0;98.0;81.9;0.0;77.1;69.7;;xA2A2;xAB;0;1077.8;-683.6;2839.3;13.4;-53.9;80.7;25.5;-22.5;73.5;3.0;2.7;3.3;1.3;-1.5;4.1;0.7;-1.4;2.7;0.3;-1.8;2.5;1.6;-0.9;4.2;1.8;-0.6;4.2;3.9;-4.6;12.4;0.4;-0.9;1.8;0.2;-1.1;1.5;0.3;-0.8;1.5;-0.3;-2.0;1.3
110;007HO17697;POwered;3337;1026;HOBRAC6735A204229;9;1194;2216;-231;398;302;-8;612;2776;3.98;-95;100.0;98.4;84.2;0.0;75.1;69.6;;xA2A2;xAB;0;488.8;-1272.6;2250.3;29.9;-37.4;97.2;21.0;-27.0;69.0;3.0;2.7;3.3;1.0;-1.9;3.8;0.4;-1.7;2.4;-0.4;-2.5;1.8;1.6;-1.0;4.2;2.3;-0.1;4.7;3.0;-5.5;11.6;-0.1;-1.4;1.3;-0.8;-2.1;0.5;-0.6;-1.7;0.6;-0.2;-1.8;1.4
111;007HO17697;POwered;3337;1026;HOBRAC6735A204227;7;1103;2200;-121;452;357;47;667;2768;3.98;-95;100.0;99.3;91.1;0.0;64.5;69.6;;xA2A2;xAB;0;267.8;-1493.6;2029.3;48.9;-18.4;116.2;18.0;-30.0;66.0;3.0;2.7;3.3;0.5;-2.4;3.3;1.1;-1.0;3.2;-1.4;-3.5;0.8;0.3;-2.3;2.9;-0.6;-3.1;1.8;0.3;-8.2;8.9;0.0;-1.4;1.4;-0.6;-1.9;0.7;-0.7;-1.8;0.5;-0.0;-1.7;1.6
112;007HO17686;Commander;3457;1141;HOBRAC6735A204248;28;1099;1735;-546;298;202;-108;512;2596;3.98;-95;99.7;93.3;64.4;0.0;69.7;69.6;;A2A2xA2A2=100%A2A2;AAxAA;3;212.8;-1548.6;1974.3;33.4;-33.9;100.7;16.0;-32.0;64.0;3.1;2.8;3.4;-0.6;-3.5;2.2;-0.2;-2.3;1.9;-0.9;-3.1;1.3;0.7;-1.9;3.3;-0.5;-2.9;2.0;0.2;-8.3;8.8;0.0;-1.4;1.4;-1.5;-2.8;-0.2;-0.6;-1.7;0.6;-0.7;-2.3;1.0
113;007HO17220;Rosemary;3323;879;HOBRAC6735A204266;46;1113;2208;-76;402;306;-4;616;2766;3.98;-95;100.0;98.5;84.8;0.0;74.2;69.6;;xA2A2;xAB;0;275.8;-1485.6;2037.3;30.9;-36.4;98.2;19.0;-29.0;67.0;3.0;2.7;3.3;0.8;-2.1;3.6;2.5;0.4;4.5;-0.2;-2.4;2.0;1.3;-1.3;3.9;0.2;-2.3;2.6;-0.3;-8.8;8.2;0.3;-1.1;1.7;-0.4;-1.7;0.9;-0.6;-1.7;0.6;-0.1;-1.7;1.5
114;007HO17537;Shimmy;3247;815;HOBRAC6735A204246;26;1083;2256;52;434;338;28;648;2752;3.98;-95;100.0;99.1;89.0;0.0;67.0;69.4;;xA2A2;xAB;0;427.3;-1334.1;2188.8;24.4;-42.9;91.7;20.0;-28.0;68.0;3.0;2.7;3.3;0.5;-2.3;3.3;0.1;-2.0;2.1;-1.2;-3.4;1.0;0.5;-2.1;3.0;1.3;-1.1;3.8;2.9;-5.7;11.4;0.4;-1.0;1.8;-0.3;-1.6;1.0;-0.1;-1.3;1.0;-1.1;-2.7;0.5
115;007HO17220;Rosemary;3323;879;HOBRAC6735A204247;27;1114;2214;-69;405;310;-0;620;2768;3.98;-95;100.0;98.5;85.3;0.0;71.3;69.2;;xA2A2;xAA;0;796.3;-965.1;2557.8;34.4;-32.9;101.7;20.5;-27.5;68.5;2.9;2.6;3.2;1.2;-1.6;4.0;0.8;-1.2;2.9;-0.9;-3.1;1.3;0.6;-2.0;3.2;-0.2;-2.7;2.2;0.2;-8.3;8.8;0.2;-1.1;1.6;-0.3;-1.6;1.0;-0.5;-1.7;0.6;0.0;-1.6;1.7
116;007HO17697;POwered;3337;1026;HOBRAC6735A204244;24;1081;2195;-161;432;337;27;647;2766;3.98;-95;100.0;99.1;88.9;0.0;65.5;69.2;;xA2A2;xNoCall;0;777.8;-983.6;2539.3;34.9;-32.4;102.2;22.0;-26.0;70.0;3.0;2.7;3.3;0.8;-2.0;3.6;-0.2;-2.3;1.9;-1.3;-3.5;0.9;0.2;-2.4;2.8;-0.8;-3.2;1.7;1.8;-6.7;10.3;0.3;-1.0;1.7;-0.5;-1.8;0.8;-0.4;-1.5;0.8;0.0;-1.6;1.7
117;007HO17686;Commander;3457;1141;HOBRAC6735A204259;39;1117;1712;-478;332;236;-74;546;2584;3.98;-95;99.9;95.7;72.0;0.0;69.3;69.1;;A2A2xA1A2=50%A2A2;AAxBB=100%AB;2;350.8;-1410.6;2112.3;27.9;-39.4;95.2;19.0;-29.0;67.0;3.1;2.8;3.4;-0.1;-3.0;2.7;0.0;-2.1;2.1;-0.8;-2.9;1.4;0.6;-2.0;3.1;-0.3;-2.7;2.1;-1.4;-9.9;7.2;0.0;-1.3;1.4;-1.5;-2.8;-0.2;-0.7;-1.9;0.4;-0.9;-2.5;0.7
118;007HO17697;POwered;3337;1026;HOBRAC6735A204226;6;1107;2249;-225;400;305;-5;615;2793;3.98;-95;100.0;98.4;84.6;0.0;70.6;69.1;;xA1A2;xAE;0;577.8;-1183.6;2339.3;30.9;-36.4;98.2;21.0;-27.0;69.0;3.0;2.7;3.3;1.0;-1.9;3.8;0.1;-2.0;2.1;-0.9;-3.1;1.3;0.8;-1.8;3.3;-0.2;-2.6;2.2;1.9;-6.6;10.5;0.3;-1.1;1.7;-0.1;-1.4;1.2;-0.2;-1.4;0.9;0.2;-1.5;1.8
119;007HO17220;Rosemary;3323;879;HOBRAC6735A204262;42;1116;2188;-118;380;285;-25;595;2756;3.98;-95;99.9;97.9;81.4;0.0;73.7;68.8;;xA2A2;xAB;0;-57.7;-1819.1;1703.8;33.9;-33.4;101.2;15.0;-33.0;63.0;3.0;2.7;3.3;0.7;-2.1;3.5;1.8;-0.3;3.8;-0.1;-2.3;2.1;1.2;-1.4;3.8;0.2;-2.2;2.6;-0.4;-8.9;8.1;0.3;-1.1;1.7;-0.2;-1.5;1.0;-0.6;-1.7;0.6;-0.3;-1.9;1.3
120;007HO17593;Betzold;3422;1043;HOBRAC6735A204255;35;1180;1898;-362;340;245;-65;555;2660;3.98;-95;99.9;96.2;73.9;0.0;71.6;68.5;;A2A2xA1A2=50%A2A2;BBxAE;1;752.8;-1008.6;2514.3;14.9;-52.4;82.2;15.0;-33.0;63.0;3.0;2.7;3.3;0.4;-2.4;3.2;1.1;-1.0;3.2;-0.6;-2.8;1.6;1.3;-1.3;3.9;1.3;-1.1;3.7;1.4;-7.1;9.9;-0.6;-1.9;0.8;-0.9;-2.2;0.4;-0.5;-1.7;0.6;-0.8;-2.4;0.9
121;007HO17220;Rosemary;3323;879;HOBRAC6735A204256;36;1169;2158;-124;378;282;-28;592;2740;3.98;-95;99.9;97.8;80.9;0.0;72.2;68.5;;xA2A2;xBB;0;552.3;-1209.1;2313.8;13.9;-53.4;81.2;21.5;-26.5;69.5;2.9;2.6;3.2;1.8;-1.0;4.6;1.9;-0.1;4.0;-0.2;-2.4;2.0;1.2;-1.3;3.8;-0.1;-2.5;2.4;1.1;-7.4;9.7;0.5;-0.9;1.8;-0.3;-1.6;0.9;-0.6;-1.7;0.6;-0.5;-2.2;1.1
122;007HO17220;Rosemary;3323;879;HOBRAC6735A204245;25;1091;2172;-131;374;279;-31;589;2748;3.98;-95;99.9;97.6;80.3;0.0;72.3;68.4;;xA2A2;xAB;0;788.8;-972.6;2550.3;17.9;-49.4;85.2;18.0;-30.0;66.0;3.0;2.7;3.3;1.4;-1.4;4.2;1.4;-0.6;3.5;-0.3;-2.4;1.9;1.0;-1.6;3.5;0.2;-2.3;2.6;0.2;-8.4;8.7;0.5;-0.9;1.9;0.1;-1.2;1.4;-0.2;-1.4;0.9;-0.5;-2.1;1.2
123;007HO17537;Shimmy;3247;815;HOBRAC6735A204264;44;1120;2364;68;442;346;36;656;2806;3.98;-95;100.0;99.2;90.0;0.0;57.6;68.4;;xA2A2;xAB;0;295.3;-1466.1;2056.8;47.4;-19.9;114.7;25.5;-22.5;73.5;3.1;2.8;3.4;-0.3;-3.2;2.5;0.1;-2.0;2.2;-1.8;-4.0;0.4;-0.3;-2.9;2.3;1.0;-1.4;3.5;1.6;-6.9;10.1;-0.1;-1.5;1.3;-0.3;-1.6;1.0;-0.3;-1.5;0.8;-0.3;-1.9;1.3
124;007HO17697;POwered;3337;1026;HOBRAC6735A204239;19;1112;2071;-272;377;282;-28;592;2704;3.98;-95;99.9;97.8;80.8;0.0;71.6;68.3;;xA2A2;xBB;0;1220.8;-540.6;2982.3;21.4;-45.9;88.7;22.0;-26.0;70.0;3.0;2.7;3.3;1.0;-1.9;3.8;-0.5;-2.5;1.6;-0.9;-3.0;1.3;0.8;-1.7;3.4;-0.6;-3.0;1.9;0.9;-7.6;9.5;-0.2;-1.6;1.2;-0.5;-1.8;0.8;-0.7;-1.8;0.5;-0.3;-1.9;1.3
125;007HO17593;Betzold;3422;1043;HOBRAC6735A204263;43;1122;2027;-419;312;217;-93;527;2724;3.98;-95;99.8;94.5;67.7;0.0;55.1;68.2;;A2A2xA1A2=50%A2A2;BBxBB=100%BB;3;1270.8;-490.6;3032.3;19.4;-47.9;86.7;27.5;-20.5;75.5;3.1;2.8;3.4;-0.5;-3.3;2.3;-0.6;-2.7;1.4;-2.1;-4.2;0.1;-0.2;-2.8;2.3;1.2;-1.3;3.6;1.0;-7.5;9.5;-0.6;-2.0;0.8;-0.1;-1.4;1.2;-0.4;-1.5;0.8;-0.6;-2.2;1.1
126;007HO17220;Rosemary;3323;879;HOBRAC6735A204238;18;1110;2290;-147;366;271;-39;581;2806;3.98;-95;99.9;97.4;78.9;0.0;71.7;68.2;;xA1A2;xAB;0;1037.8;-723.6;2799.3;21.9;-45.4;89.2;26.0;-22.0;74.0;3.0;2.7;3.3;1.2;-1.6;4.0;0.3;-1.8;2.4;-0.7;-2.8;1.5;0.8;-1.8;3.4;0.5;-2.0;2.9;1.8;-6.7;10.3;0.7;-0.7;2.0;0.2;-1.1;1.5;-0.4;-1.6;0.8;0.1;-1.6;1.7
127;007HO17697;POwered;3337;1026;HOBRAC6735A204232;12;1089;2056;-286;370;275;-35;585;2696;3.98;-95;99.9;97.5;79.6;0.0;72.9;68.2;;xA2A2;xAB;0;806.3;-955.1;2567.8;23.4;-43.9;90.7;17.5;-30.5;65.5;2.9;2.6;3.2;1.1;-1.7;3.9;0.8;-1.3;2.8;-0.6;-2.7;1.6;1.2;-1.4;3.8;0.0;-2.4;2.4;1.5;-7.0;10.0;-0.1;-1.4;1.3;-0.8;-2.1;0.5;-0.5;-1.7;0.6;-0.2;-1.9;1.4
128;007HO17220;Rosemary;3323;879;HOBRAC6735A204227;7;1103;2200;-121;379;284;-26;594;2762;3.98;-95;99.9;97.8;81.2;0.0;69.4;68.2;;xA2A2;xAB;0;20.8;-1740.6;1782.3;41.9;-25.4;109.2;16.5;-31.5;64.5;2.9;2.6;3.2;0.4;-2.5;3.2;1.7;-0.4;3.8;-1.0;-3.2;1.2;0.5;-2.1;3.1;-0.1;-2.5;2.3;-0.8;-9.3;7.8;0.3;-1.0;1.7;-0.3;-1.6;1.0;-0.5;-1.7;0.7;0.1;-1.5;1.8
129;007HO17593;Betzold;3422;1043;HOBRAC6735A204259;39;1117;1712;-478;282;187;-123;497;2567;3.98;-95;99.6;92.0;60.8;0.0;63.6;68.0;;A2A2xA1A2=50%A2A2;BBxBB=100%BB;3;414.8;-1346.6;2176.3;11.9;-55.4;79.2;13.5;-34.5;61.5;3.0;2.7;3.3;0.1;-2.8;2.9;1.1;-1.0;3.1;-0.3;-2.5;1.9;1.1;-1.5;3.7;0.2;-2.2;2.6;-0.2;-8.7;8.3;-0.3;-1.7;1.0;-1.4;-2.7;-0.1;-0.7;-1.9;0.4;-0.7;-2.3;0.9
130;007HO17220;Rosemary;3323;879;HOBRAC6735A204236;16;1082;2158;-128;376;280;-30;590;2740;3.98;-95;99.9;97.7;80.6;0.0;69.6;68.0;;xA2A2;xBB;0;396.3;-1365.1;2157.8;26.4;-40.9;93.7;20.0;-28.0;68.0;2.9;2.6;3.2;1.2;-1.6;4.0;1.2;-0.9;3.3;-0.7;-2.8;1.5;0.6;-2.0;3.1;-0.5;-2.9;1.9;-0.3;-8.8;8.2;0.5;-0.9;1.8;-0.4;-1.7;0.9;-0.4;-1.5;0.8;-0.2;-1.9;1.4
131;007HO17593;Betzold;3422;1043;HOBRAC6735A204248;28;1099;1735;-546;248;153;-157;463;2578;3.98;-95;99.3;88.3;52.4;0.0;61.6;68.0;;A2A2xA2A2=100%A2A2;BBxAA=100%AB;4;276.8;-1484.6;2038.3;17.4;-49.9;84.7;10.5;-37.5;58.5;3.0;2.7;3.3;-0.4;-3.3;2.4;0.8;-1.2;2.9;-0.5;-2.6;1.7;1.2;-1.3;3.8;0.1;-2.4;2.5;1.4;-7.1;9.9;-0.4;-1.8;1.0;-1.4;-2.7;-0.1;-0.6;-1.7;0.6;-0.5;-2.1;1.2
132;007HO17593;Betzold;3422;1043;HOBRAC6735A204258;38;1111;2059;-290;376;281;-29;591;2740;3.98;-95;99.9;97.7;80.7;0.0;58.7;67.9;;A2A2xA1A2=50%A2A2;BBxBE;1;384.3;-1377.1;2145.8;37.9;-29.4;105.2;19.5;-28.5;67.5;3.0;2.7;3.3;-0.2;-3.1;2.6;-0.2;-2.3;1.8;-1.5;-3.6;0.7;-0.1;-2.7;2.5;0.3;-2.1;2.7;1.4;-7.1;9.9;-0.3;-1.7;1.0;-0.6;-1.9;0.7;-0.2;-1.3;1.0;-0.1;-1.8;1.5
133;007HO17686;Commander;3457;1141;HOBRAC6735A204250;30;1093;1886;-515;313;218;-92;528;2672;3.98;-95;99.8;94.5;68.0;0.0;53.4;67.9;;A2A2xA2A2=100%A2A2;AAxAA;3;531.3;-1230.1;2292.8;40.9;-26.4;108.2;19.0;-29.0;67.0;3.1;2.8;3.4;-0.4;-3.2;2.4;-0.2;-2.2;1.9;-2.4;-4.5;-0.2;-1.0;-3.6;1.5;0.3;-2.1;2.8;-0.4;-8.9;8.1;0.4;-1.0;1.8;-0.6;-1.8;0.7;0.0;-1.1;1.2;-0.3;-1.9;1.3
134;007HO17593;Betzold;3422;1043;HOBRAC6735A204250;30;1093;1886;-515;264;169;-141;479;2654;3.98;-95;99.5;90.2;56.2;0.0;55.3;67.9;;A2A2xA2A2=100%A2A2;BBxAA=100%AB;4;595.3;-1166.1;2356.8;24.9;-42.4;92.2;13.5;-34.5;61.5;3.0;2.7;3.3;-0.2;-3.0;2.6;0.9;-1.2;3.0;-1.9;-4.1;0.3;-0.5;-3.1;2.1;0.9;-1.6;3.3;0.8;-7.8;9.3;0.0;-1.4;1.4;-0.5;-1.8;0.8;0.0;-1.1;1.2;-0.1;-1.7;1.5
135;007HO17697;POwered;3337;1026;HOBRAC6735A204251;31;1088;1983;-273;376;281;-29;591;2660;3.98;-95;99.9;97.7;80.7;0.0;69.7;67.8;;xA2A2;xNoCall;0;617.8;-1143.6;2379.3;26.9;-40.4;94.2;16.5;-31.5;64.5;3.0;2.7;3.3;0.4;-2.5;3.2;0.4;-1.7;2.4;-1.0;-3.1;1.2;0.7;-1.9;3.3;0.2;-2.3;2.6;0.5;-8.0;9.0;-0.1;-1.4;1.3;-0.8;-2.1;0.5;-0.9;-2.0;0.3;-0.8;-2.5;0.8
136;007HO17220;Rosemary;3323;879;HOBRAC6735A204265;45;1123;2232;-168;356;260;-50;570;2778;3.98;-95;99.9;96.9;76.9;0.0;71.0;67.7;;xA2A2;xAA;0;817.3;-944.1;2578.8;22.9;-44.4;90.2;21.5;-26.5;69.5;3.0;2.7;3.3;0.9;-2.0;3.7;1.2;-0.9;3.3;-0.8;-2.9;1.4;0.9;-1.7;3.4;0.2;-2.2;2.6;0.6;-7.9;9.1;0.5;-0.9;1.8;0.2;-1.1;1.5;-0.1;-1.3;1.0;-0.7;-2.3;0.9
137;007HO17537;Shimmy;3247;815;HOBRAC6735A204266;46;1113;2208;-76;370;274;-36;584;2728;3.98;-95;99.9;97.5;79.5;0.0;68.7;67.7;;xA2A2;xAB;0;355.8;-1405.6;2117.3;22.4;-44.9;89.7;20.0;-28.0;68.0;3.0;2.7;3.3;0.2;-2.7;3.0;1.3;-0.8;3.4;-0.7;-2.8;1.5;0.5;-2.1;3.1;0.5;-1.9;3.0;1.4;-7.1;9.9;-0.1;-1.5;1.3;-0.4;-1.7;0.9;-0.3;-1.5;0.8;-0.4;-2.0;1.3
138;007HO17220;Rosemary;3323;879;HOBRAC6735A204244;24;1081;2195;-161;359;264;-46;574;2759;3.98;-95;99.9;97.1;77.6;0.0;68.6;67.4;;xA2A2;xNoCall;0;530.8;-1230.6;2292.3;27.9;-39.4;95.2;20.5;-27.5;68.5;3.0;2.7;3.2;0.7;-2.1;3.5;0.4;-1.7;2.5;-1.0;-3.1;1.2;0.4;-2.2;3.0;-0.2;-2.6;2.2;0.7;-7.8;9.2;0.7;-0.7;2.1;-0.2;-1.5;1.1;-0.2;-1.4;1.0;0.2;-1.4;1.8
139;007HO17220;Rosemary;3323;879;HOBRAC6735A204229;9;1194;2216;-231;324;229;-81;539;2770;3.98;-95;99.8;95.3;70.4;0.0;75.3;67.3;;xA2A2;xAB;0;241.8;-1519.6;2003.3;22.9;-44.4;90.2;19.5;-28.5;67.5;2.9;2.6;3.2;0.9;-2.0;3.7;0.9;-1.1;3.0;-0.0;-2.2;2.2;1.8;-0.8;4.4;2.9;0.4;5.3;1.9;-6.6;10.5;0.3;-1.1;1.7;-0.4;-1.7;0.8;-0.4;-1.5;0.8;-0.1;-1.7;1.6
140;522HO04563;Hendricks;3062;488;HOBRAC6735A204241;21;1109;2451;-48;220;125;-185;435;2756;3.98;-95;98.8;84.4;45.2;0.0;70.3;67.1;;A2A2xA2A2=100%A2A2;ABxAB;3;1159.3;-602.1;2920.8;-0.6;-67.9;66.7;23.5;-24.5;71.5;3.0;2.7;3.3;1.2;-1.7;4.0;-0.1;-2.2;1.9;-0.1;-2.3;2.1;1.3;-1.2;3.9;0.1;-2.3;2.5;3.0;-5.5;11.6;0.4;-1.0;1.8;0.5;-0.8;1.8;-0.0;-1.2;1.1;0.0;-1.6;1.6
141;522HO04563;Hendricks;3062;488;HOBRAC6735A204246;26;1083;2256;52;270;175;-135;485;2659;3.98;-95;99.5;90.8;57.7;0.0;58.4;67.1;;A2A2xA2A2=100%A2A2;ABxAB;3;508.8;-1252.6;2270.3;10.4;-56.9;77.7;18.0;-30.0;66.0;2.9;2.7;3.2;0.4;-2.5;3.2;-0.8;-2.8;1.3;-1.7;-3.8;0.5;0.2;-2.4;2.7;-0.3;-2.8;2.1;2.0;-6.5;10.5;0.3;-1.0;1.7;-0.0;-1.3;1.3;-0.5;-1.6;0.7;-0.7;-2.3;0.9
142;007HO17593;Betzold;3422;1043;HOBRAC6735A204252;32;1094;1688;-506;268;173;-137;483;2555;3.98;-95;99.5;90.6;57.4;0.0;50.1;67.0;;A2A2xA2A2=100%A2A2;BBxAA=100%AB;4;995.3;-766.1;2756.8;24.9;-42.4;92.2;22.0;-26.0;70.0;3.1;2.8;3.4;-0.9;-3.8;1.9;-0.9;-2.9;1.2;-2.7;-4.8;-0.5;-0.7;-3.2;1.9;0.2;-2.3;2.6;1.8;-6.8;10.3;-0.2;-1.6;1.2;-1.5;-2.8;-0.2;-0.9;-2.0;0.3;-0.8;-2.4;0.8
143;007HO17537;Shimmy;3247;815;HOBRAC6735A204262;42;1116;2188;-118;348;253;-57;563;2718;3.98;-95;99.9;96.6;75.5;0.0;68.2;66.9;;xA2A2;xAB;0;22.3;-1739.1;1783.8;25.4;-41.9;92.7;16.0;-32.0;64.0;3.0;2.7;3.3;0.1;-2.7;2.9;0.6;-1.5;2.7;-0.6;-2.7;1.6;0.4;-2.2;3.0;0.6;-1.8;3.0;1.3;-7.2;9.8;-0.1;-1.5;1.3;-0.2;-1.5;1.1;-0.3;-1.5;0.8;-0.6;-2.2;1.1
144;007HO17537;Shimmy;3247;815;HOBRAC6735A204247;27;1114;2214;-69;373;278;-32;588;2730;3.98;-95;99.9;97.6;80.1;0.0;62.4;66.8;;xA2A2;xAA;0;876.3;-885.1;2637.8;25.9;-41.4;93.2;21.5;-26.5;69.5;3.0;2.7;3.3;0.6;-2.2;3.4;-0.3;-2.4;1.8;-1.4;-3.5;0.8;-0.2;-2.8;2.4;0.1;-2.3;2.6;1.9;-6.6;10.5;-0.1;-1.5;1.2;-0.3;-1.6;1.0;-0.3;-1.5;0.8;-0.2;-1.8;1.4
145;007HO17220;Rosemary;3323;879;HOBRAC6735A204226;6;1107;2249;-225;327;232;-78;542;2786;3.98;-95;99.8;95.4;71.1;0.0;70.7;66.8;;xA1A2;xAE;0;330.8;-1430.6;2092.3;23.9;-43.4;91.2;19.5;-28.5;67.5;3.0;2.7;3.3;0.9;-2.0;3.7;0.7;-1.4;2.7;-0.6;-2.7;1.6;1.0;-1.6;3.5;0.4;-2.1;2.8;0.9;-7.7;9.4;0.7;-0.7;2.0;0.3;-1.0;1.6;-0.1;-1.2;1.1;0.3;-1.3;2.0
146;007HO17697;POwered;3337;1026;HOBRAC6735A204249;29;1108;2030;-374;326;231;-79;541;2684;3.98;-95;99.8;95.4;70.9;0.0;72.8;66.8;;xA2A2;xAA;0;449.3;-1312.1;2210.8;12.9;-54.4;80.2;9.0;-39.0;57.0;3.0;2.7;3.3;1.7;-1.1;4.5;1.9;-0.2;4.0;-0.3;-2.4;1.9;1.5;-1.1;4.1;-0.3;-2.8;2.1;-0.6;-9.2;7.9;0.1;-1.2;1.5;-0.2;-1.5;1.1;-0.2;-1.3;1.0;-0.4;-2.0;1.3
147;522HO04563;Hendricks;3062;488;HOBRAC6735A204264;44;1120;2364;68;278;183;-127;493;2713;3.98;-95;99.6;91.6;59.7;0.0;53.1;66.7;;A2A2xA2A2=100%A2A2;ABxAB;3;376.8;-1384.6;2138.3;33.4;-33.9;100.7;23.5;-24.5;71.5;3.0;2.7;3.3;-0.5;-3.3;2.3;-0.7;-2.8;1.4;-2.3;-4.4;-0.1;-0.6;-3.2;2.0;-0.7;-3.1;1.8;0.7;-7.8;9.3;-0.2;-1.5;1.2;-0.0;-1.3;1.3;-0.7;-1.9;0.5;0.1;-1.6;1.7
148;007HO17697;POwered;3337;1026;HOBRAC6735A204255;35;1180;1898;-362;332;237;-73;547;2618;3.98;-95;99.9;95.7;72.1;0.0;71.7;66.6;;xA1A2;xAE;0;538.8;-1222.6;2300.3;17.4;-49.9;84.7;9.5;-38.5;57.5;3.0;2.7;3.3;0.8;-2.0;3.6;1.2;-0.8;3.3;-0.5;-2.6;1.7;1.2;-1.3;3.8;0.5;-2.0;2.9;0.9;-7.6;9.4;-0.2;-1.6;1.1;-0.9;-2.2;0.3;-0.8;-1.9;0.4;-0.6;-2.2;1.1
149;007HO17686;Commander;3457;1141;HOBRAC6735A204222;2;1106;1985;-413;364;269;-41;579;2721;3.98;-95;99.9;97.3;78.5;0.0;52.3;66.5;;A2A2xA1A2=50%A2A2;AAxBE;1;430.8;-1330.6;2192.3;35.9;-31.4;103.2;24.0;-24.0;72.0;3.1;2.8;3.4;-0.6;-3.5;2.2;-0.5;-2.6;1.6;-2.1;-4.3;0.1;-1.0;-3.6;1.6;-0.2;-2.6;2.3;-2.2;-10.7;6.3;0.4;-1.0;1.8;-0.3;-1.6;1.0;0.0;-1.2;1.2;-1.0;-2.6;0.6
150;007HO17537;Shimmy;3247;815;HOBRAC6735A204245;25;1091;2172;-131;342;247;-63;557;2710;3.98;-95;99.9;96.3;74.2;0.0;66.8;66.5;;xA2A2;xAB;0;868.8;-892.6;2630.3;9.4;-57.9;76.7;19.0;-29.0;67.0;3.1;2.8;3.4;0.8;-2.0;3.6;0.3;-1.8;2.4;-0.7;-2.9;1.5;0.1;-2.4;2.7;0.5;-1.9;3.0;1.9;-6.7;10.4;0.1;-1.3;1.5;0.1;-1.2;1.4;-0.0;-1.2;1.1;-0.7;-2.3;0.9
151;007HO17537;Shimmy;3247;815;HOBRAC6735A204256;36;1169;2158;-124;346;250;-60;560;2702;3.98;-95;99.9;96.5;74.9;0.0;65.9;66.4;;xA2A2;xBB;0;632.3;-1129.1;2393.8;5.4;-61.9;72.7;22.5;-25.5;70.5;3.0;2.7;3.3;1.2;-1.6;4.0;0.8;-1.3;2.9;-0.7;-2.8;1.5;0.5;-2.1;3.0;0.3;-2.1;2.8;2.9;-5.7;11.4;0.1;-1.3;1.4;-0.3;-1.6;1.0;-0.4;-1.5;0.8;-0.8;-2.4;0.9
152;007HO17697;POwered;3337;1026;HOBRAC6735A204258;38;1111;2059;-290;368;273;-37;583;2698;3.98;-95;99.9;97.4;79.2;0.0;60.7;66.3;;xA1A2;xBE;0;170.3;-1591.1;1931.8;40.4;-26.9;107.7;14.0;-34.0;62.0;3.0;2.7;3.3;0.2;-2.7;3.0;-0.1;-2.2;2.0;-1.3;-3.5;0.9;-0.2;-2.7;2.4;-0.6;-3.0;1.9;0.9;-7.6;9.4;-0.1;-1.4;1.3;-0.6;-1.9;0.7;-0.4;-1.6;0.7;0.1;-1.6;1.7
153;522HO04563;Hendricks;3062;488;HOBRAC6735A204221;1;1087;2494;93;290;195;-115;505;2778;3.98;-95;99.7;92.8;62.7;0.0;66.2;66.3;;A2A2xA1A2=50%A2A2;ABxAB;1;1184.3;-577.1;2945.8;15.9;-51.4;83.2;28.5;-19.5;76.5;2.9;2.6;3.2;1.3;-1.6;4.1;-0.7;-2.8;1.4;-1.3;-3.4;0.9;0.2;-2.4;2.7;-0.8;-3.3;1.6;2.3;-6.2;10.8;-0.2;-1.5;1.2;0.4;-0.9;1.7;-0.3;-1.5;0.8;0.1;-1.5;1.7
154;007HO17697;POwered;3337;1026;HOBRAC6735A204254;34;1187;1859;-373;326;231;-79;541;2598;3.98;-95;99.8;95.4;71.0;0.0;70.2;66.2;;xA2A2;xAB;0;67.8;-1693.6;1829.3;28.9;-38.4;96.2;10.0;-38.0;58.0;3.1;2.8;3.4;-0.0;-2.9;2.8;1.2;-0.9;3.3;-0.6;-2.7;1.6;0.8;-1.8;3.4;0.6;-1.8;3.0;0.9;-7.6;9.4;-0.2;-1.6;1.1;-1.3;-2.6;0.0;-0.9;-2.0;0.3;-0.6;-2.3;1.0
155;007HO17220;Rosemary;3323;879;HOBRAC6735A204239;19;1112;2071;-272;304;208;-102;518;2697;3.98;-95;99.7;93.8;65.8;0.0;71.7;65.9;;xA2A2;xBB;0;973.8;-787.6;2735.3;14.4;-52.9;81.7;20.5;-27.5;68.5;3.0;2.7;3.3;0.9;-2.0;3.7;0.1;-1.9;2.2;-0.5;-2.7;1.7;1.1;-1.5;3.6;0.0;-2.4;2.4;-0.1;-8.7;8.4;0.2;-1.2;1.5;-0.2;-1.5;1.1;-0.5;-1.6;0.7;-0.1;-1.8;1.5
156;007HO17220;Rosemary;3323;879;HOBRAC6735A204232;12;1089;2056;-286;296;201;-109;511;2690;3.98;-95;99.7;93.3;64.2;0.0;73.1;65.8;;xA2A2;xAB;0;559.3;-1202.1;2320.8;16.4;-50.9;83.7;16.0;-32.0;64.0;2.9;2.6;3.2;1.0;-1.8;3.8;1.4;-0.7;3.4;-0.2;-2.4;2.0;1.4;-1.2;4.0;0.6;-1.9;3.0;0.4;-8.1;8.9;0.3;-1.1;1.7;-0.5;-1.8;0.8;-0.4;-1.5;0.8;-0.1;-1.7;1.5
157;007HO17537;Shimmy;3247;815;HOBRAC6735A204238;18;1110;2290;-147;334;239;-71;549;2768;3.98;-95;99.9;95.8;72.6;0.0;62.7;65.8;;xA1A2;xAB;0;1117.8;-643.6;2879.3;13.4;-53.9;80.7;27.0;-21.0;75.0;3.0;2.7;3.3;0.6;-2.2;3.4;-0.8;-2.9;1.2;-1.1;-3.3;1.1;0.0;-2.6;2.6;0.8;-1.6;3.3;3.5;-5.0;12.0;0.2;-1.1;1.6;0.3;-1.0;1.6;-0.2;-1.3;1.0;-0.2;-1.8;1.4
158;007HO17697;POwered;3337;1026;HOBRAC6735A204230;10;1105;2139;-430;298;203;-107;513;2738;3.98;-95;99.7;93.4;64.5;0.0;70.8;65.7;;xA2A2;xAB;0;845.8;-915.6;2607.3;21.9;-45.4;89.2;14.5;-33.5;62.5;3.0;2.7;3.2;0.7;-2.2;3.5;-0.8;-2.9;1.3;-0.9;-3.0;1.3;0.9;-1.6;3.5;0.0;-2.4;2.5;3.2;-5.3;11.7;0.7;-0.7;2.1;0.2;-1.1;1.5;-0.3;-1.4;0.9;0.5;-1.1;2.2
159;007HO17537;Shimmy;3247;815;HOBRAC6735A204236;16;1082;2158;-128;344;248;-62;558;2702;3.98;-95;99.9;96.4;74.5;0.0;61.1;65.6;;xA2A2;xBB;0;476.3;-1285.1;2237.8;17.9;-49.4;85.2;21.0;-27.0;69.0;3.0;2.7;3.3;0.6;-2.2;3.4;0.1;-2.0;2.1;-1.1;-3.3;1.1;-0.2;-2.8;2.3;-0.1;-2.5;2.3;1.4;-7.1;9.9;0.1;-1.3;1.4;-0.3;-1.6;1.0;-0.1;-1.3;1.0;-0.5;-2.1;1.2
160;007HO17220;Rosemary;3323;879;HOBRAC6735A204251;31;1088;1983;-273;303;208;-102;518;2653;3.98;-95;99.7;93.8;65.7;0.0;69.9;65.5;;xA2A2;xNoCall;0;370.8;-1390.6;2132.3;19.9;-47.4;87.2;15.0;-33.0;63.0;3.0;2.7;3.3;0.3;-2.6;3.1;0.9;-1.1;3.0;-0.6;-2.8;1.6;0.9;-1.7;3.5;0.7;-1.7;3.1;-0.6;-9.1;7.9;0.3;-1.1;1.7;-0.5;-1.8;0.8;-0.7;-1.8;0.5;-0.7;-2.3;0.9
161;007HO17686;Commander;3457;1141;HOBRAC6735A204233;13;1096;1621;-649;246;151;-159;461;2539;3.98;-95;99.3;88.0;51.7;0.0;56.1;65.4;;A2A2xA2A2=100%A2A2;AAxAA;3;195.3;-1566.1;1956.8;27.4;-39.9;94.7;11.0;-37.0;59.0;3.1;2.8;3.4;-0.7;-3.6;2.1;-0.1;-2.1;2.0;-1.2;-3.3;1.0;0.2;-2.4;2.7;-0.8;-3.2;1.7;-1.1;-9.7;7.4;-0.0;-1.4;1.3;-1.1;-2.4;0.2;-0.5;-1.7;0.6;-0.7;-2.4;0.9
162;007HO17697;POwered;3337;1026;HOBRAC6735A204224;4;1189;1754;-391;318;222;-88;532;2546;3.98;-95;99.8;94.8;69.0;0.0;67.8;65.3;;xA2A2;xAA;0;561.8;-1199.6;2323.3;17.9;-49.4;85.2;10.5;-37.5;58.5;3.0;2.7;3.3;0.5;-2.4;3.3;1.1;-0.9;3.2;-0.9;-3.1;1.3;0.5;-2.0;3.1;-0.6;-3.1;1.8;0.2;-8.3;8.8;0.0;-1.4;1.4;-1.4;-2.7;-0.1;-1.1;-2.2;0.1;-0.8;-2.4;0.8
163;522HO04563;Hendricks;3062;488;HOBRAC6735A204256;36;1169;2158;-124;182;87;-223;397;2610;3.98;-95;97.9;78.0;35.9;0.0;61.5;65.2;;A2A2xA2A2=100%A2A2;ABxBB=50%BB;4;713.8;-1047.6;2475.3;-8.6;-75.9;58.7;20.5;-27.5;68.5;2.9;2.6;3.2;1.1;-1.8;3.9;0.0;-2.1;2.1;-1.1;-3.3;1.1;0.2;-2.4;2.7;-1.4;-3.8;1.1;2.0;-6.5;10.5;0.0;-1.4;1.4;-0.1;-1.4;1.2;-0.7;-1.9;0.4;-0.4;-2.0;1.2
164;007HO17537;Shimmy;3247;815;HOBRAC6735A204227;7;1103;2200;-121;347;252;-58;562;2724;3.98;-95;99.9;96.5;75.2;0.0;56.9;65.2;;xA2A2;xAB;0;100.8;-1660.6;1862.3;33.4;-33.9;100.7;17.5;-30.5;65.5;3.0;2.7;3.3;-0.2;-3.1;2.6;0.6;-1.5;2.6;-1.5;-3.6;0.7;-0.3;-2.9;2.3;0.3;-2.1;2.7;0.9;-7.6;9.5;-0.0;-1.4;1.3;-0.3;-1.6;1.0;-0.3;-1.4;0.9;-0.1;-1.7;1.5
165;007HO17593;Betzold;3422;1043;HOBRAC6735A204222;2;1106;1985;-413;315;220;-90;530;2704;3.98;-95;99.8;94.7;68.4;0.0;54.2;65.2;;A2A2xA1A2=50%A2A2;BBxBE;1;494.8;-1266.6;2256.3;19.9;-47.4;87.2;18.5;-29.5;66.5;3.0;2.7;3.3;-0.4;-3.3;2.4;0.6;-1.5;2.6;-1.7;-3.8;0.5;-0.5;-3.0;2.1;0.4;-2.1;2.8;-1.1;-9.6;7.5;0.0;-1.4;1.4;-0.2;-1.5;1.1;0.0;-1.1;1.2;-0.8;-2.4;0.8
166;007HO17593;Betzold;3422;1043;HOBRAC6735A204233;13;1096;1621;-649;197;102;-208;412;2522;3.98;-95;98.3;80.7;39.5;0.0;58.1;65.1;;A2A2xA2A2=100%A2A2;BBxAA=100%AB;4;259.3;-1502.1;2020.8;11.4;-55.9;78.7;5.5;-42.5;53.5;3.0;2.7;3.3;-0.5;-3.4;2.3;1.0;-1.1;3.1;-0.7;-2.9;1.5;0.7;-1.9;3.3;-0.2;-2.7;2.2;0.0;-8.5;8.5;-0.4;-1.8;0.9;-1.0;-2.3;0.3;-0.5;-1.7;0.6;-0.5;-2.1;1.1
167;007HO17537;Shimmy;3247;815;HOBRAC6735A204265;45;1123;2232;-168;324;228;-82;538;2740;3.98;-95;99.8;95.2;70.3;0.0;60.5;65.0;;xA2A2;xAA;0;897.3;-864.1;2658.8;14.4;-52.9;81.7;22.5;-25.5;70.5;3.1;2.8;3.4;0.3;-2.6;3.1;0.1;-2.0;2.1;-1.2;-3.4;1.0;0.1;-2.5;2.6;0.6;-1.8;3.0;2.3;-6.2;10.8;0.1;-1.3;1.4;0.2;-1.1;1.5;0.1;-1.1;1.2;-0.9;-2.6;0.7
168;007HO17686;Commander;3457;1141;HOBRAC6735A204253;33;1095;1532;-648;246;151;-159;461;2494;3.98;-95;99.3;88.1;51.8;0.0;53.8;65.0;;A2A2xA2A2=100%A2A2;AAxAA;3;-29.2;-1790.6;1732.3;26.9;-40.4;94.2;7.5;-40.5;55.5;3.1;2.8;3.4;-0.6;-3.5;2.2;0.2;-1.8;2.3;-1.5;-3.6;0.7;-0.3;-2.9;2.2;-0.6;-3.0;1.8;-1.0;-9.6;7.5;0.0;-1.4;1.4;-1.3;-2.6;-0.0;-0.8;-2.0;0.4;-1.1;-2.7;0.6
169;007HO17220;Rosemary;3323;879;HOBRAC6735A204258;38;1111;2059;-290;294;199;-111;509;2691;3.98;-95;99.7;93.1;63.7;0.0;66.5;64.8;;xA1A2;xBE;0;-76.7;-1838.1;1684.8;33.4;-33.9;100.7;12.5;-35.5;60.5;3.0;2.7;3.3;0.1;-2.8;2.9;0.5;-1.6;2.6;-1.0;-3.1;1.2;0.1;-2.5;2.6;0.0;-2.4;2.4;-0.2;-8.7;8.3;0.3;-1.1;1.7;-0.3;-1.6;1.0;-0.3;-1.4;0.9;0.2;-1.4;1.8
170;007HO17537;Shimmy;3247;815;HOBRAC6735A204244;24;1081;2195;-161;327;232;-78;542;2721;3.98;-95;99.8;95.4;71.1;0.0;57.9;64.7;;xA2A2;xNoCall;0;610.8;-1150.6;2372.3;19.4;-47.9;86.7;21.5;-26.5;69.5;3.0;2.7;3.3;0.1;-2.7;2.9;-0.8;-2.8;1.3;-1.4;-3.6;0.8;-0.4;-3.0;2.2;0.2;-2.2;2.6;2.4;-6.1;10.9;0.3;-1.1;1.7;-0.2;-1.5;1.1;0.0;-1.1;1.2;-0.1;-1.7;1.6
171;007HO17593;Betzold;3422;1043;HOBRAC6735A204253;33;1095;1532;-648;198;102;-208;412;2477;3.98;-95;98.3;80.8;39.6;0.0;55.7;64.7;;A2A2xA2A2=100%A2A2;BBxAA=100%AB;4;34.8;-1726.6;1796.3;10.9;-56.4;78.2;2.0;-46.0;50.0;3.0;2.7;3.3;-0.4;-3.3;2.4;1.3;-0.8;3.4;-1.0;-3.2;1.2;0.2;-2.4;2.8;-0.1;-2.5;2.3;0.1;-8.4;8.6;-0.4;-1.8;1.0;-1.2;-2.5;0.1;-0.8;-2.0;0.4;-0.9;-2.5;0.8
172;522HO04563;Hendricks;3062;488;HOBRAC6735A204247;27;1114;2214;-69;210;114;-196;424;2638;3.98;-95;98.6;82.8;42.6;0.0;57.9;64.5;;A2A2xA2A2=100%A2A2;ABxAA;3;957.8;-803.6;2719.3;11.9;-55.4;79.2;19.5;-28.5;67.5;2.9;2.6;3.2;0.5;-2.4;3.3;-1.1;-3.2;1.0;-1.8;-4.0;0.4;-0.5;-3.1;2.1;-1.6;-4.0;0.9;1.1;-7.4;9.6;-0.2;-1.6;1.2;-0.0;-1.3;1.3;-0.7;-1.8;0.5;0.2;-1.5;1.8
173;007HO17537;Shimmy;3247;815;HOBRAC6735A204229;9;1194;2216;-231;292;197;-113;507;2732;3.98;-95;99.7;92.9;63.1;0.0;63.9;64.4;;xA2A2;xAB;0;321.8;-1439.6;2083.3;14.4;-52.9;81.7;20.5;-27.5;68.5;3.0;2.7;3.3;0.3;-2.6;3.1;-0.2;-2.3;1.9;-0.5;-2.6;1.7;1.0;-1.6;3.6;3.2;0.8;5.7;3.6;-4.9;12.2;-0.1;-1.5;1.3;-0.4;-1.7;0.9;-0.1;-1.3;1.0;-0.3;-1.9;1.3
174;007HO17686;Commander;3457;1141;HOBRAC6735A204258;38;1111;2059;-290;426;330;20;640;2758;3.98;-95;100.0;99.0;88.1;0.0;25.1;64.4;;A2A2xA1A2=50%A2A2;AAxBE;1;320.3;-1441.1;2081.8;53.9;-13.4;121.2;25.0;-23.0;73.0;3.1;2.8;3.4;-0.4;-3.3;2.4;-1.3;-3.4;0.8;-1.9;-4.1;0.3;-0.7;-3.2;1.9;-0.2;-2.6;2.2;0.2;-8.3;8.8;0.0;-1.3;1.4;-0.7;-2.0;0.6;-0.2;-1.3;1.0;-0.3;-2.0;1.3
175;522HO04563;Hendricks;3062;488;HOBRAC6735A204236;16;1082;2158;-128;180;85;-225;395;2610;3.98;-95;97.8;77.6;35.4;0.0;56.6;64.4;;A2A2xA2A2=100%A2A2;ABxBB=50%BB;4;557.8;-1203.6;2319.3;3.9;-63.4;71.2;19.0;-29.0;67.0;2.9;2.6;3.2;0.5;-2.4;3.3;-0.8;-2.8;1.3;-1.6;-3.7;0.6;-0.6;-3.1;2.0;-1.8;-4.2;0.6;0.5;-8.0;9.1;0.0;-1.4;1.4;-0.1;-1.4;1.2;-0.5;-1.7;0.7;-0.1;-1.7;1.5
176;522HO04563;Hendricks;3062;488;HOBRAC6735A204266;46;1113;2208;-76;206;111;-199;421;2635;3.98;-95;98.5;82.2;41.7;0.0;58.1;64.4;;A2A2xA2A2=100%A2A2;ABxAB;3;437.3;-1324.1;2198.8;8.4;-58.9;75.7;18.0;-30.0;66.0;3.0;2.7;3.3;0.0;-2.8;2.8;0.5;-1.6;2.6;-1.1;-3.3;1.1;0.2;-2.4;2.8;-1.1;-3.6;1.3;0.5;-8.0;9.1;-0.2;-1.5;1.2;-0.1;-1.4;1.2;-0.7;-1.9;0.5;0.0;-1.6;1.6
177;007HO17220;Rosemary;3323;879;HOBRAC6735A204249;29;1108;2030;-374;252;157;-153;467;2676;3.98;-95;99.3;88.8;53.4;0.0;72.5;64.0;;xA2A2;xAA;0;202.3;-1559.1;1963.8;5.9;-61.4;73.2;7.5;-40.5;55.5;3.0;2.7;3.3;1.6;-1.2;4.4;2.5;0.4;4.6;0.1;-2.1;2.3;1.7;-0.9;4.3;0.2;-2.2;2.6;-1.7;-10.3;6.8;0.5;-0.9;1.9;0.1;-1.2;1.4;0.0;-1.2;1.2;-0.2;-1.8;1.4
178;007HO17537;Shimmy;3247;815;HOBRAC6735A204226;6;1107;2249;-225;295;200;-110;510;2748;3.98;-95;99.7;93.1;63.8;0.0;60.3;64.0;;xA1A2;xAE;0;410.8;-1350.6;2172.3;15.4;-51.9;82.7;20.5;-27.5;68.5;3.1;2.8;3.4;0.3;-2.6;3.1;-0.5;-2.6;1.6;-1.0;-3.2;1.2;0.1;-2.4;2.7;0.8;-1.7;3.2;2.5;-6.0;11.1;0.2;-1.1;1.6;0.3;-1.0;1.6;0.2;-1.0;1.3;0.1;-1.5;1.7
179;007HO17593;Betzold;3422;1043;HOBRAC6735A204228;8;1193;2246;-286;378;283;-27;593;2834;3.98;-95;99.9;97.8;81.1;0.0;19.2;63.8;;A2A2xA1A2=50%A2A2;BBxAB=50%BB;2;1011.8;-749.6;2773.3;38.9;-28.4;106.2;30.5;-17.5;78.5;2.9;2.6;3.2;-0.0;-2.9;2.8;-0.6;-2.6;1.5;-2.7;-4.8;-0.5;-1.0;-3.6;1.5;0.5;-2.0;2.9;2.6;-5.9;11.1;0.1;-1.2;1.5;-0.3;-1.6;1.0;0.0;-1.2;1.2;0.4;-1.2;2.0
180;007HO17537;Shimmy;3247;815;HOBRAC6735A204239;19;1112;2071;-272;272;176;-134;486;2659;3.98;-95;99.5;90.9;58.1;0.0;66.2;63.8;;xA2A2;xBB;0;1053.8;-707.6;2815.3;5.9;-61.4;73.2;21.5;-26.5;69.5;3.0;2.7;3.3;0.3;-2.6;3.1;-1.0;-3.1;1.1;-1.0;-3.1;1.2;0.2;-2.3;2.8;0.4;-2.0;2.8;1.6;-7.0;10.1;-0.2;-1.6;1.1;-0.2;-1.5;1.1;-0.2;-1.4;0.9;-0.4;-2.0;1.3
181;007HO17697;POwered;3337;1026;HOBRAC6735A204223;3;1115;1814;-509;258;163;-147;473;2576;3.98;-95;99.4;89.5;54.9;0.0;70.8;63.7;;xA2A2;xAA;0;404.3;-1357.1;2165.8;16.9;-50.4;84.2;7.5;-40.5;55.5;3.0;2.7;3.3;0.4;-2.5;3.2;1.1;-1.0;3.1;-0.3;-2.5;1.9;0.9;-1.6;3.5;-0.9;-3.3;1.5;0.1;-8.4;8.6;-0.2;-1.6;1.2;-0.9;-2.2;0.4;-0.7;-1.9;0.5;0.0;-1.6;1.7
182;007HO17697;POwered;3337;1026;HOBRAC6735A204263;43;1122;2027;-419;304;208;-102;518;2682;3.98;-95;99.7;93.8;65.8;0.0;57.1;63.6;;xA1A2;xBB;0;1056.8;-704.6;2818.3;21.9;-45.4;89.2;22.0;-26.0;70.0;3.1;2.8;3.4;-0.1;-2.9;2.7;-0.5;-2.6;1.6;-1.9;-4.1;0.3;-0.3;-2.9;2.3;0.3;-2.1;2.7;0.5;-8.0;9.0;-0.3;-1.7;1.1;-0.2;-1.5;1.1;-0.6;-1.8;0.5;-0.4;-2.0;1.2
183;007HO17220;Rosemary;3323;879;HOBRAC6735A204228;8;1193;2246;-286;296;201;-109;511;2784;3.98;-95;99.7;93.3;64.2;0.0;56.7;63.6;;xA1A2;xAB;0;550.8;-1210.6;2312.3;34.4;-32.9;101.7;23.5;-24.5;71.5;2.9;2.6;3.2;0.3;-2.6;3.1;0.2;-1.9;2.3;-2.2;-4.3;0.0;-0.9;-3.5;1.7;0.2;-2.3;2.6;1.0;-7.5;9.5;0.8;-0.6;2.2;-0.0;-1.3;1.3;-0.1;-1.2;1.1;0.7;-0.9;2.4
184;007HO17697;POwered;3337;1026;HOBRAC6735A204222;2;1106;1985;-413;306;211;-99;521;2661;3.98;-95;99.8;94.1;66.5;0.0;56.2;63.5;;xA1A2;xBE;0;280.8;-1480.6;2042.3;22.4;-44.9;89.7;13.0;-35.0;61.0;3.0;2.7;3.3;-0.0;-2.9;2.8;0.7;-1.4;2.8;-1.5;-3.7;0.7;-0.5;-3.1;2.1;-0.5;-2.9;1.9;-1.6;-10.1;7.0;0.3;-1.1;1.7;-0.2;-1.5;1.1;-0.2;-1.4;0.9;-0.6;-2.2;1.0
185;007HO17697;POwered;3337;1026;HOBRAC6735A204259;39;1117;1712;-478;274;179;-131;489;2524;3.98;-95;99.5;91.2;58.7;0.0;65.6;63.4;;xA1A2;xBB;0;200.8;-1560.6;1962.3;14.4;-52.9;81.7;8.0;-40.0;56.0;3.0;2.7;3.3;0.5;-2.4;3.3;1.2;-0.9;3.3;-0.2;-2.3;2.0;1.1;-1.5;3.6;-0.6;-3.1;1.8;-0.7;-9.2;7.8;-0.1;-1.4;1.3;-1.4;-2.7;-0.1;-1.0;-2.1;0.2;-0.5;-2.1;1.1
186;007HO17220;Rosemary;3323;879;HOBRAC6735A204255;35;1180;1898;-362;258;163;-147;473;2610;3.98;-95;99.4;89.5;54.9;0.0;67.7;63.4;;xA1A2;xAE;0;291.8;-1469.6;2053.3;10.4;-56.9;77.7;8.0;-40.0;56.0;3.0;2.7;3.3;0.7;-2.1;3.5;1.9;-0.2;3.9;-0.1;-2.3;2.1;1.5;-1.1;4.0;1.0;-1.4;3.4;-0.2;-8.7;8.3;0.1;-1.3;1.5;-0.6;-1.9;0.7;-0.6;-1.7;0.6;-0.4;-2.0;1.2
187;007HO17686;Commander;3457;1141;HOBRAC6735A204263;43;1122;2027;-419;361;266;-44;576;2742;3.98;-95;99.9;97.2;78.0;0.0;21.3;63.3;;A2A2xA1A2=50%A2A2;AAxBB=100%AB;2;1206.8;-554.6;2968.3;35.4;-31.9;102.7;33.0;-15.0;81.0;3.2;2.9;3.5;-0.7;-3.5;2.1;-1.7;-3.8;0.4;-2.5;-4.7;-0.3;-0.8;-3.4;1.8;0.6;-1.8;3.1;-0.1;-8.7;8.4;-0.2;-1.6;1.2;-0.2;-1.5;1.1;-0.4;-1.5;0.8;-0.8;-2.4;0.8
188;522HO04563;Hendricks;3062;488;HOBRAC6735A204245;25;1091;2172;-131;178;83;-227;393;2617;3.98;-95;97.8;77.3;35.1;0.0;59.7;63.3;;A2A2xA2A2=100%A2A2;ABxAB;3;950.3;-811.1;2711.8;-4.6;-71.9;62.7;17.0;-31.0;65.0;3.0;2.7;3.3;0.7;-2.2;3.5;-0.5;-2.6;1.6;-1.2;-3.3;1.0;-0.1;-2.7;2.4;-1.1;-3.6;1.3;1.0;-7.5;9.5;0.1;-1.3;1.4;0.4;-0.9;1.7;-0.4;-1.5;0.8;-0.3;-2.0;1.3
189;522HO04563;Hendricks;3062;488;HOBRAC6735A204262;42;1116;2188;-118;185;90;-220;400;2625;3.98;-95;98.0;78.5;36.6;0.0;57.5;63.3;;A2A2xA2A2=100%A2A2;ABxAB;3;103.8;-1657.6;1865.3;11.4;-55.9;78.7;14.0;-34.0;62.0;2.9;2.7;3.2;-0.0;-2.9;2.8;-0.2;-2.3;1.9;-1.0;-3.2;1.2;0.1;-2.5;2.7;-1.1;-3.5;1.3;0.4;-8.1;9.0;-0.2;-1.5;1.2;0.0;-1.3;1.3;-0.7;-1.9;0.5;-0.2;-1.8;1.4
190;007HO17686;Commander;3457;1141;HOBRAC6735A204237;17;1097;1477;-739;201;106;-204;416;2467;3.98;-95;98.4;81.4;40.5;0.0;54.5;63.1;;A2A2xA2A2=100%A2A2;AAxAA;3;-142.2;-1903.6;1619.3;26.9;-40.4;94.2;9.0;-39.0;57.0;3.2;2.9;3.5;-1.1;-3.9;1.7;0.0;-2.0;2.1;-0.9;-3.0;1.3;0.2;-2.4;2.7;-1.3;-3.7;1.1;-1.6;-10.2;6.9;-0.2;-1.6;1.2;-1.6;-2.9;-0.3;-0.7;-1.9;0.4;-0.7;-2.3;1.0
191;007HO17537;Shimmy;3247;815;HOBRAC6735A204232;12;1089;2056;-286;264;169;-141;479;2652;3.98;-95;99.5;90.2;56.4;0.0;62.9;63.0;;xA2A2;xAB;0;639.3;-1122.1;2400.8;7.9;-59.4;75.2;17.0;-31.0;65.0;3.0;2.7;3.3;0.4;-2.4;3.2;0.2;-1.9;2.3;-0.7;-2.8;1.5;0.6;-2.0;3.2;0.9;-1.5;3.4;2.1;-6.4;10.6;-0.1;-1.5;1.3;-0.5;-1.8;0.8;-0.1;-1.3;1.0;-0.3;-2.0;1.3
192;007HO17686;Commander;3457;1141;HOBRAC6735A204257;37;1175;1558;-531;305;210;-100;520;2508;3.98;-95;99.7;93.9;66.1;0.0;55.0;62.9;;A2A2xNoCall;AAxAB;0;269.8;-1491.6;2031.3;26.9;-40.4;94.2;17.5;-30.5;65.5;3.1;2.8;3.4;-0.6;-3.4;2.2;0.5;-1.6;2.6;-1.4;-3.5;0.8;-0.3;-2.9;2.2;-1.3;-3.7;1.1;-1.2;-9.8;7.3;-0.2;-1.6;1.2;-1.8;-3.1;-0.5;-1.0;-2.1;0.2;-1.1;-2.7;0.5
193;007HO17220;Rosemary;3323;879;HOBRAC6735A204230;10;1105;2139;-430;224;129;-181;439;2731;3.98;-95;98.9;85.1;46.3;0.0;71.0;62.8;;xA2A2;xAB;0;598.8;-1162.6;2360.3;14.9;-52.4;82.2;13.0;-35.0;61.0;2.9;2.6;3.2;0.6;-2.3;3.4;-0.2;-2.3;1.9;-0.5;-2.7;1.7;1.1;-1.4;3.7;0.6;-1.8;3.0;2.1;-6.4;10.6;1.1;-0.3;2.4;0.5;-0.8;1.8;-0.1;-1.3;1.0;0.7;-0.9;2.3
194;007HO17593;Betzold;3422;1043;HOBRAC6735A204257;37;1175;1558;-531;256;161;-149;471;2490;3.98;-95;99.4;89.2;54.2;0.0;56.9;62.8;;A2A2xNoCall;BBxAB=50%BB;1;333.8;-1427.6;2095.3;10.9;-56.4;78.2;12.0;-36.0;60.0;3.0;2.7;3.3;-0.4;-3.2;2.4;1.6;-0.5;3.6;-0.9;-3.1;1.3;0.2;-2.4;2.8;-0.8;-3.2;1.6;-0.1;-8.6;8.4;-0.6;-2.0;0.8;-1.7;-3.0;-0.4;-1.0;-2.1;0.2;-0.9;-2.5;0.8
195;007HO17593;Betzold;3422;1043;HOBRAC6735A204237;17;1097;1477;-739;152;57;-253;367;2450;3.98;-95;96.7;72.0;29.1;0.0;56.5;62.6;;A2A2xA2A2=100%A2A2;BBxAA=100%AB;4;-78.2;-1839.6;1683.3;10.9;-56.4;78.2;3.5;-44.5;51.5;3.0;2.8;3.3;-0.9;-3.7;1.9;1.1;-1.0;3.2;-0.4;-2.6;1.8;0.7;-1.9;3.3;-0.8;-3.2;1.6;-0.5;-9.0;8.0;-0.6;-2.0;0.8;-1.5;-2.8;-0.2;-0.7;-1.9;0.4;-0.5;-2.1;1.2
196;007HO17686;Commander;3457;1141;HOBRAC6735A204228;8;1193;2246;-286;428;332;22;642;2852;3.98;-95;100.0;99.0;88.3;0.0;10.3;62.5;;A2A2xA1A2=50%A2A2;AAxAB;1;947.8;-813.6;2709.3;54.9;-12.4;122.2;36.0;-12.0;84.0;3.0;2.7;3.3;-0.2;-3.1;2.6;-1.6;-3.7;0.5;-3.1;-5.3;-0.9;-1.6;-4.2;1.0;-0.1;-2.5;2.4;1.4;-7.1;10.0;0.6;-0.8;1.9;-0.4;-1.7;0.9;-0.0;-1.2;1.2;0.2;-1.4;1.8
197;522HO04563;Hendricks;3062;488;HOBRAC6735A204227;7;1103;2200;-121;184;88;-222;398;2631;3.98;-95;97.9;78.3;36.2;0.0;52.4;62.5;;A2A2xA2A2=100%A2A2;ABxAB;3;182.3;-1579.1;1943.8;19.4;-47.9;86.7;15.5;-32.5;63.5;2.9;2.6;3.2;-0.4;-3.2;2.4;-0.2;-2.3;1.8;-1.9;-4.1;0.3;-0.6;-3.2;2.0;-1.4;-3.8;1.0;0.1;-8.4;8.6;-0.1;-1.5;1.3;-0.0;-1.3;1.3;-0.6;-1.8;0.5;0.2;-1.4;1.9
198;007HO17220;Rosemary;3323;879;HOBRAC6735A204254;34;1187;1859;-373;253;158;-152;468;2591;3.98;-95;99.3;88.9;53.5;0.0;62.6;62.3;;xA2A2;xAB;0;-179.2;-1940.6;1582.3;21.9;-45.4;89.2;8.5;-39.5;56.5;3.0;2.7;3.3;-0.1;-3.0;2.7;1.8;-0.3;3.9;-0.2;-2.4;2.0;1.0;-1.6;3.6;1.2;-1.3;3.6;-0.2;-8.7;8.3;0.1;-1.3;1.5;-1.0;-2.3;0.3;-0.7;-1.9;0.5;-0.5;-2.1;1.2
199;007HO17537;Shimmy;3247;815;HOBRAC6735A204251;31;1088;1983;-273;271;176;-134;486;2615;3.98;-95;99.5;90.9;58.0;0.0;56.8;62.2;;xA2A2;xNoCall;0;450.8;-1310.6;2212.3;11.4;-55.9;78.7;16.0;-32.0;64.0;3.1;2.8;3.4;-0.3;-3.2;2.5;-0.2;-2.3;1.9;-1.1;-3.2;1.1;0.1;-2.5;2.7;1.1;-1.3;3.5;1.1;-7.4;9.6;-0.1;-1.5;1.3;-0.5;-1.8;0.8;-0.5;-1.6;0.7;-0.9;-2.6;0.7
200;007HO17686;Commander;3457;1141;HOBRAC6735A204252;32;1094;1688;-506;318;222;-88;532;2572;3.98;-95;99.8;94.8;69.0;0.0;15.8;62.1;;A2A2xA2A2=100%A2A2;AAxAA;3;931.3;-830.1;2692.8;40.9;-26.4;108.2;27.5;-20.5;75.5;3.2;2.9;3.5;-1.1;-4.0;1.7;-1.9;-4.0;0.2;-3.1;-5.3;-0.9;-1.2;-3.8;1.4;-0.3;-2.8;2.1;0.6;-7.9;9.1;0.2;-1.2;1.6;-1.6;-2.9;-0.3;-0.9;-2.0;0.3;-1.0;-2.6;0.6
201;522HO04563;Hendricks;3062;488;HOBRAC6735A204265;45;1123;2232;-168;160;65;-245;375;2647;3.98;-95;97.1;73.6;30.8;0.0;56.0;62.0;;A2A2xA2A2=100%A2A2;ABxAA;3;978.8;-782.6;2740.3;0.4;-66.9;67.7;20.5;-27.5;68.5;3.0;2.7;3.3;0.1;-2.7;2.9;-0.8;-2.8;1.3;-1.7;-3.8;0.5;-0.2;-2.8;2.3;-1.1;-3.5;1.3;1.4;-7.1;10.0;0.0;-1.4;1.4;0.5;-0.8;1.8;-0.3;-1.4;0.9;-0.6;-2.2;1.1
202;007HO17220;Rosemary;3323;879;HOBRAC6735A204224;4;1189;1754;-391;244;149;-161;459;2538;3.98;-95;99.2;87.8;51.2;0.0;63.0;61.9;;xA2A2;xAA;0;314.8;-1446.6;2076.3;10.9;-56.4;78.2;9.0;-39.0;57.0;3.0;2.7;3.3;0.4;-2.5;3.2;1.8;-0.3;3.8;-0.6;-2.7;1.6;0.8;-1.8;3.3;-0.1;-2.5;2.3;-0.8;-9.4;7.7;0.3;-1.0;1.7;-1.1;-2.4;0.2;-0.9;-2.0;0.3;-0.6;-2.3;1.0
203;007HO17697;POwered;3337;1026;HOBRAC6735A204248;28;1099;1735;-546;240;145;-165;455;2536;3.98;-95;99.2;87.3;50.2;0.0;63.6;61.8;;xA2A2;xAA;0;62.8;-1698.6;1824.3;19.9;-47.4;87.2;5.0;-43.0;53.0;3.0;2.7;3.3;-0.0;-2.9;2.8;1.0;-1.1;3.1;-0.3;-2.5;1.9;1.2;-1.4;3.8;-0.8;-3.2;1.6;0.9;-7.6;9.4;-0.1;-1.5;1.3;-1.4;-2.7;-0.1;-0.8;-2.0;0.3;-0.3;-1.9;1.3
204;007HO17697;POwered;3337;1026;HOBRAC6735A204250;30;1093;1886;-515;256;160;-150;470;2612;3.98;-95;99.4;89.2;54.1;0.0;57.4;61.7;;xA2A2;xAA;0;381.3;-1380.1;2142.8;27.4;-39.9;94.7;8.0;-40.0;56.0;3.0;2.7;3.3;0.2;-2.6;3.0;1.1;-1.0;3.1;-1.8;-3.9;0.4;-0.5;-3.1;2.0;0.0;-2.4;2.4;0.2;-8.3;8.8;0.3;-1.1;1.7;-0.5;-1.8;0.8;-0.2;-1.4;0.9;0.1;-1.6;1.7
205;522HO04563;Hendricks;3062;488;HOBRAC6735A204244;24;1081;2195;-161;164;68;-242;378;2628;3.98;-95;97.2;74.4;31.6;0.0;53.4;61.7;;A2A2xA2A2=100%A2A2;ABxNoCall;3;692.3;-1069.1;2453.8;5.4;-61.9;72.7;19.5;-28.5;67.5;2.9;2.6;3.2;-0.0;-2.9;2.8;-1.5;-3.6;0.5;-1.9;-4.0;0.3;-0.7;-3.3;1.9;-1.5;-3.9;0.9;1.5;-7.0;10.1;0.2;-1.1;1.6;0.1;-1.2;1.4;-0.3;-1.5;0.8;0.3;-1.3;1.9
206;007HO17686;Commander;3457;1141;HOBRAC6735A204231;11;1196;1335;-775;183;88;-222;398;2396;3.98;-95;97.9;78.2;36.1;0.0;51.6;61.7;;A2A2xA2A2=100%A2A2;AAxAA;3;496.3;-1265.1;2257.8;17.4;-49.9;84.7;10.0;-38.0;58.0;3.1;2.8;3.4;-1.3;-4.1;1.5;-0.4;-2.4;1.7;-1.3;-3.4;0.9;-0.2;-2.8;2.3;-0.6;-3.0;1.8;-1.5;-10.0;7.1;-0.2;-1.6;1.2;-1.9;-3.2;-0.6;-1.1;-2.2;0.1;-0.9;-2.5;0.7
207;007HO17537;Shimmy;3247;815;HOBRAC6735A204249;29;1108;2030;-374;220;125;-185;435;2638;3.98;-95;98.8;84.5;45.3;0.0;65.2;61.5;;xA2A2;xAA;0;282.3;-1479.1;2043.8;-2.6;-69.9;64.7;8.5;-39.5;56.5;3.0;2.7;3.3;1.0;-1.8;3.8;1.4;-0.7;3.4;-0.4;-2.5;1.8;0.9;-1.7;3.5;0.6;-1.8;3.0;-0.0;-8.6;8.5;0.1;-1.3;1.5;0.1;-1.2;1.4;0.2;-0.9;1.4;-0.5;-2.1;1.2
208;007HO17537;Shimmy;3247;815;HOBRAC6735A204258;38;1111;2059;-290;262;167;-143;477;2653;3.98;-95;99.4;90.0;55.9;0.0;53.1;61.5;;xA1A2;xBE;0;3.3;-1758.1;1764.8;24.9;-42.4;92.2;13.5;-34.5;61.5;3.0;2.7;3.3;-0.5;-3.4;2.3;-0.7;-2.7;1.4;-1.4;-3.6;0.8;-0.8;-3.3;1.8;0.4;-2.0;2.8;1.5;-7.0;10.0;-0.1;-1.5;1.3;-0.3;-1.6;1.0;-0.0;-1.2;1.1;-0.0;-1.7;1.6
209;007HO17537;Shimmy;3247;815;HOBRAC6735A204228;8;1193;2246;-286;264;169;-141;479;2746;3.98;-95;99.5;90.2;56.4;0.0;49.5;61.3;;xA1A2;xAB;0;630.8;-1130.6;2392.3;25.9;-41.4;93.2;24.5;-23.5;72.5;2.9;2.6;3.2;-0.3;-3.2;2.5;-1.0;-3.0;1.1;-2.6;-4.8;-0.4;-1.7;-4.3;0.9;0.5;-1.9;3.0;2.7;-5.8;11.2;0.4;-1.0;1.8;0.0;-1.3;1.3;0.2;-1.0;1.3;0.5;-1.1;2.1
210;007HO17697;POwered;3337;1026;HOBRAC6735A204257;37;1175;1558;-531;248;152;-158;462;2448;3.98;-95;99.3;88.2;52.1;0.0;58.9;61.2;;xNoCall;xAB;0;119.8;-1641.6;1881.3;13.4;-53.9;80.7;6.5;-41.5;54.5;3.0;2.7;3.3;0.0;-2.8;2.8;1.7;-0.4;3.8;-0.8;-2.9;1.4;0.1;-2.4;2.7;-1.6;-4.1;0.8;-0.6;-9.1;7.9;-0.3;-1.7;1.1;-1.8;-3.1;-0.5;-1.2;-2.4;-0.1;-0.7;-2.3;0.9
211;007HO17593;Betzold;3422;1043;HOBRAC6735A204231;11;1196;1335;-775;134;39;-271;349;2378;3.98;-95;95.8;68.0;25.3;0.0;53.6;61.1;;A2A2xA2A2=100%A2A2;BBxAA=100%AB;4;560.3;-1201.1;2321.8;1.4;-65.9;68.7;4.5;-43.5;52.5;3.0;2.7;3.3;-1.1;-3.9;1.7;0.7;-1.4;2.8;-0.8;-3.0;1.4;0.3;-2.3;2.9;-0.1;-2.5;2.3;-0.3;-8.8;8.2;-0.6;-2.0;0.8;-1.8;-3.1;-0.5;-1.0;-2.2;0.1;-0.7;-2.3;0.9
212;522HO04563;Hendricks;3062;488;HOBRAC6735A204229;9;1194;2216;-231;128;33;-277;343;2639;3.98;-95;95.4;66.8;24.2;0.0;59.5;60.9;;A2A2xA2A2=100%A2A2;ABxAB;3;403.3;-1358.1;2164.8;0.4;-66.9;67.7;18.5;-29.5;66.5;2.9;2.6;3.2;0.1;-2.7;2.9;-1.0;-3.1;1.1;-0.9;-3.1;1.3;0.7;-1.9;3.3;1.6;-0.9;4.0;2.8;-5.7;11.3;-0.2;-1.5;1.2;-0.2;-1.5;1.1;-0.5;-1.7;0.7;0.1;-1.6;1.7
213;007HO17537;Shimmy;3247;815;HOBRAC6735A204255;35;1180;1898;-362;226;131;-179;441;2572;3.98;-95;99.0;85.4;46.8;0.0;60.5;60.9;;xA1A2;xAE;0;371.8;-1389.6;2133.3;1.9;-65.4;69.2;9.0;-39.0;57.0;3.0;2.7;3.3;0.1;-2.7;2.9;0.7;-1.4;2.8;-0.6;-2.7;1.6;0.7;-1.9;3.2;1.4;-1.0;3.8;1.5;-7.0;10.0;-0.3;-1.7;1.1;-0.6;-1.9;0.7;-0.4;-1.5;0.8;-0.7;-2.3;1.0
214;007HO17697;POwered;3337;1026;HOBRAC6735A204252;32;1094;1688;-506;260;165;-145;475;2512;3.98;-95;99.4;89.7;55.2;0.0;52.1;60.8;;xA2A2;xAA;0;781.3;-980.1;2542.8;27.4;-39.9;94.7;16.5;-31.5;64.5;3.1;2.8;3.4;-0.5;-3.4;2.3;-0.7;-2.8;1.4;-2.5;-4.7;-0.3;-0.7;-3.3;1.9;-0.7;-3.1;1.7;1.2;-7.3;9.8;0.1;-1.3;1.5;-1.6;-2.9;-0.3;-1.1;-2.3;0.1;-0.6;-2.2;1.0
215;007HO17220;Rosemary;3323;879;HOBRAC6735A204263;43;1122;2027;-419;230;135;-175;445;2675;3.98;-95;99.0;85.9;47.7;0.0;56.7;60.8;;xA1A2;xBB;0;809.8;-951.6;2571.3;14.9;-52.4;82.2;20.5;-27.5;68.5;3.1;2.8;3.4;-0.2;-3.0;2.6;0.1;-2.0;2.2;-1.6;-3.7;0.6;-0.1;-2.7;2.5;0.9;-1.6;3.3;-0.6;-9.1;7.9;0.0;-1.3;1.4;0.2;-1.1;1.5;-0.4;-1.6;0.7;-0.2;-1.9;1.4
216;522HO04563;Hendricks;3062;488;HOBRAC6735A204239;19;1112;2071;-272;108;13;-297;323;2566;3.98;-95;94.1;61.9;20.3;0.0;56.6;60.7;;A2A2xA2A2=100%A2A2;ABxBB=50%BB;4;1135.3;-626.1;2896.8;-8.1;-75.4;59.2;19.5;-28.5;67.5;3.0;2.7;3.3;0.1;-2.7;2.9;-1.8;-3.9;0.3;-1.4;-3.6;0.8;-0.0;-2.6;2.5;-1.3;-3.7;1.1;0.7;-7.8;9.2;-0.3;-1.7;1.1;0.1;-1.2;1.4;-0.6;-1.8;0.6;-0.0;-1.6;1.6
217;007HO17220;Rosemary;3323;879;HOBRAC6735A204222;2;1106;1985;-413;233;138;-172;448;2654;3.98;-95;99.1;86.3;48.4;0.0;55.9;60.7;;xA1A2;xBE;0;33.8;-1727.6;1795.3;15.4;-51.9;82.7;11.5;-36.5;59.5;3.0;2.7;3.3;-0.1;-3.0;2.7;1.3;-0.8;3.4;-1.2;-3.3;1.0;-0.3;-2.9;2.3;0.1;-2.4;2.5;-2.7;-11.2;5.9;0.7;-0.7;2.0;0.1;-1.2;1.4;-0.1;-1.2;1.1;-0.4;-2.1;1.2
218;007HO17697;POwered;3337;1026;HOBRAC6735A204228;8;1193;2246;-286;370;275;-35;585;2792;3.98;-95;99.9;97.5;79.6;0.0;20.2;60.6;;xA1A2;xAB;0;797.8;-963.6;2559.3;41.4;-25.9;108.7;25.0;-23.0;73.0;2.9;2.6;3.2;0.4;-2.5;3.2;-0.4;-2.5;1.7;-2.5;-4.7;-0.3;-1.1;-3.7;1.5;-0.4;-2.8;2.0;2.1;-6.4;10.6;0.4;-0.9;1.8;-0.3;-1.6;1.0;-0.2;-1.4;0.9;0.6;-1.0;2.2
219;007HO17220;Rosemary;3323;879;HOBRAC6735A204259;39;1117;1712;-478;200;105;-205;415;2518;3.98;-95;98.4;81.3;40.3;0.0;65.3;60.3;;xA1A2;xBB;0;-46.2;-1807.6;1715.3;7.4;-59.9;74.7;6.5;-41.5;54.5;3.0;2.7;3.3;0.4;-2.5;3.2;1.8;-0.3;3.9;0.2;-2.0;2.4;1.2;-1.3;3.8;-0.1;-2.5;2.3;-1.8;-10.3;6.7;0.3;-1.1;1.7;-1.1;-2.4;0.2;-0.8;-1.9;0.4;-0.4;-2.0;1.3
220;007HO17686;Commander;3457;1141;HOBRAC6735A204235;15;1100;1368;-812;164;69;-241;379;2412;3.98;-95;97.2;74.6;31.8;0.0;45.4;59.9;;A2A2xA2A2=100%A2A2;AAxAA;3;155.8;-1605.6;1917.3;27.9;-39.4;95.2;9.0;-39.0;57.0;3.2;2.9;3.5;-1.8;-4.6;1.0;-1.1;-3.2;0.9;-2.1;-4.3;0.1;-0.9;-3.5;1.7;-1.6;-4.0;0.8;-1.7;-10.2;6.8;-0.2;-1.6;1.1;-1.5;-2.8;-0.2;-0.9;-2.0;0.3;-1.1;-2.7;0.5
221;522HO04563;Hendricks;3062;488;HOBRAC6735A204238;18;1110;2290;-147;170;75;-235;385;2676;3.98;-95;97.5;75.8;33.2;0.0;58.2;59.9;;A2A2xA1A2=50%A2A2;ABxAB;1;1199.3;-562.1;2960.8;-0.6;-67.9;66.7;25.0;-23.0;73.0;2.9;2.7;3.2;0.5;-2.4;3.3;-1.6;-3.7;0.4;-1.6;-3.7;0.6;-0.3;-2.9;2.3;-0.8;-3.3;1.6;2.6;-5.9;11.2;0.2;-1.2;1.6;0.5;-0.8;1.8;-0.5;-1.7;0.6;0.2;-1.4;1.8
222;007HO17537;Shimmy;3247;815;HOBRAC6735A204254;34;1187;1859;-373;221;126;-184;436;2553;3.98;-95;98.9;84.6;45.4;0.0;55.3;59.8;;xA2A2;xAB;0;-99.2;-1860.6;1662.3;13.4;-53.9;80.7;9.5;-38.5;57.5;3.1;2.8;3.4;-0.7;-3.6;2.1;0.7;-1.4;2.7;-0.7;-2.8;1.5;0.2;-2.4;2.8;1.6;-0.9;4.0;1.5;-7.0;10.0;-0.3;-1.7;1.1;-0.9;-2.2;0.4;-0.5;-1.6;0.7;-0.7;-2.3;0.9
223;007HO17220;Rosemary;3323;879;HOBRAC6735A204223;3;1115;1814;-509;185;90;-220;400;2568;3.98;-95;98.0;78.5;36.6;0.0;64.9;59.7;;xA2A2;xAA;0;157.3;-1604.1;1918.8;9.9;-57.4;77.2;6.0;-42.0;54.0;2.9;2.6;3.2;0.3;-2.6;3.1;1.6;-0.4;3.7;0.0;-2.1;2.2;1.1;-1.4;3.7;-0.3;-2.8;2.1;-1.0;-9.5;7.5;0.2;-1.2;1.5;-0.6;-1.9;0.7;-0.5;-1.7;0.6;0.2;-1.4;1.8
224;007HO17537;Shimmy;3247;815;HOBRAC6735A204230;10;1105;2139;-430;192;97;-213;407;2693;3.98;-95;98.2;79.9;38.4;0.0;59.1;59.6;;xA2A2;xAB;0;678.8;-1082.6;2440.3;6.4;-60.9;73.7;14.0;-34.0;62.0;3.0;2.7;3.3;-0.0;-2.9;2.8;-1.3;-3.4;0.7;-1.0;-3.1;1.2;0.3;-2.2;2.9;1.0;-1.4;3.4;3.8;-4.7;12.3;0.7;-0.7;2.0;0.5;-0.8;1.8;0.1;-1.0;1.3;0.4;-1.2;2.1
225;007HO17537;Shimmy;3247;815;HOBRAC6735A204224;4;1189;1754;-391;212;117;-193;427;2500;3.98;-95;98.7;83.2;43.2;0.0;55.7;59.4;;xA2A2;xAA;0;394.8;-1366.6;2156.3;2.4;-64.9;69.7;10.0;-38.0;58.0;3.1;2.8;3.3;-0.2;-3.1;2.6;0.6;-1.5;2.7;-1.0;-3.2;1.2;-0.1;-2.6;2.5;0.3;-2.1;2.7;0.9;-7.7;9.4;-0.0;-1.4;1.3;-1.1;-2.3;0.2;-0.7;-1.8;0.5;-0.9;-2.5;0.8
226;007HO17593;Betzold;3422;1043;HOBRAC6735A204235;15;1100;1368;-812;116;20;-290;330;2395;3.98;-95;94.6;63.7;21.7;0.0;47.4;59.2;;A2A2xA2A2=100%A2A2;BBxAA=100%AB;4;219.8;-1541.6;1981.3;11.9;-55.4;79.2;3.5;-44.5;51.5;3.1;2.8;3.4;-1.6;-4.4;1.2;-0.1;-2.2;2.0;-1.7;-3.8;0.5;-0.3;-2.9;2.2;-1.1;-3.5;1.3;-0.6;-9.1;8.0;-0.7;-2.0;0.7;-1.4;-2.7;-0.1;-0.9;-2.0;0.3;-0.9;-2.5;0.7
227;522HO04563;Hendricks;3062;488;HOBRAC6735A204232;12;1089;2056;-286;101;6;-304;316;2559;3.98;-95;93.5;60.2;19.1;0.0;58.4;59.1;;A2A2xA2A2=100%A2A2;ABxAB;3;720.8;-1040.6;2482.3;-6.1;-73.4;61.2;15.0;-33.0;63.0;2.9;2.6;3.2;0.3;-2.6;3.1;-0.6;-2.7;1.5;-1.1;-3.3;1.1;0.3;-2.3;2.9;-0.8;-3.2;1.7;1.2;-7.3;9.8;-0.2;-1.5;1.2;-0.2;-1.5;1.1;-0.5;-1.7;0.7;0.0;-1.6;1.7
228;007HO17697;POwered;3337;1026;HOBRAC6735A204233;13;1096;1621;-649;188;93;-217;403;2479;3.98;-95;98.1;79.2;37.4;0.0;60.1;58.9;;xA2A2;xAA;0;45.3;-1716.1;1806.8;13.9;-53.4;81.2;0.0;-48.0;48.0;3.0;2.7;3.3;-0.1;-3.0;2.7;1.1;-0.9;3.2;-0.6;-2.7;1.6;0.7;-1.9;3.2;-1.1;-3.5;1.3;-0.5;-9.0;8.0;-0.1;-1.5;1.2;-1.0;-2.3;0.3;-0.8;-1.9;0.4;-0.3;-2.0;1.3
229;007HO17220;Rosemary;3323;879;HOBRAC6735A204250;30;1093;1886;-515;182;87;-223;397;2604;3.98;-95;97.9;78.0;35.9;0.0;57.0;58.5;;xA2A2;xAA;0;134.3;-1627.1;1895.8;20.4;-46.9;87.7;6.5;-41.5;54.5;3.0;2.7;3.3;0.1;-2.7;2.9;1.6;-0.4;3.7;-1.4;-3.6;0.8;-0.3;-2.9;2.2;0.6;-1.9;3.0;-0.8;-9.4;7.7;0.7;-0.7;2.0;-0.2;-1.5;1.1;-0.0;-1.2;1.1;0.2;-1.4;1.9
230;007HO17220;Rosemary;3323;879;HOBRAC6735A204248;28;1099;1735;-546;166;71;-239;381;2529;3.98;-95;97.3;75.0;32.3;0.0;63.2;58.5;;xA2A2;xAA;0;-184.2;-1945.6;1577.3;12.9;-54.4;80.2;3.5;-44.5;51.5;3.0;2.7;3.3;-0.1;-3.0;2.7;1.6;-0.5;3.7;0.0;-2.1;2.2;1.4;-1.2;4.0;-0.2;-2.7;2.2;-0.2;-8.7;8.3;0.2;-1.1;1.6;-1.1;-2.4;0.2;-0.7;-1.8;0.5;-0.1;-1.8;1.5
231;007HO17697;POwered;3337;1026;HOBRAC6735A204253;33;1095;1532;-648;189;94;-216;404;2434;3.98;-95;98.1;79.3;37.6;0.0;57.7;58.5;;xA2A2;xAA;0;-179.2;-1940.6;1582.3;13.4;-53.9;80.7;-3.5;-51.5;44.5;3.0;2.7;3.3;-0.0;-2.9;2.8;1.5;-0.6;3.5;-0.9;-3.0;1.3;0.1;-2.4;2.7;-0.9;-3.4;1.5;-0.4;-8.9;8.1;-0.1;-1.5;1.3;-1.2;-2.5;0.0;-1.0;-2.2;0.1;-0.7;-2.3;0.9
232;522HO04563;Hendricks;3062;488;HOBRAC6735A204251;31;1088;1983;-273;108;12;-298;322;2522;3.98;-95;94.0;61.8;20.2;0.0;52.3;58.4;;A2A2xA2A2=100%A2A2;ABxNoCall;3;532.3;-1229.1;2293.8;-2.6;-69.9;64.7;14.0;-34.0;62.0;3.0;2.7;3.3;-0.5;-3.3;2.3;-1.0;-3.1;1.1;-1.5;-3.7;0.7;-0.2;-2.8;2.4;-0.6;-3.0;1.8;0.2;-8.3;8.8;-0.2;-1.5;1.2;-0.2;-1.5;1.1;-0.8;-2.0;0.3;-0.6;-2.2;1.1
233;007HO17537;Shimmy;3247;815;HOBRAC6735A204263;43;1122;2027;-419;198;103;-207;413;2637;3.98;-95;98.3;80.9;39.7;0.0;49.5;58.2;;xA1A2;xBB;0;889.8;-871.6;2651.3;6.4;-60.9;73.7;21.5;-26.5;69.5;3.2;2.9;3.5;-0.8;-3.6;2.0;-1.0;-3.1;1.0;-2.0;-4.2;0.2;-0.9;-3.5;1.7;1.2;-1.2;3.7;1.1;-7.4;9.6;-0.3;-1.7;1.0;0.2;-1.1;1.5;-0.2;-1.4;0.9;-0.5;-2.1;1.1
234;007HO17537;Shimmy;3247;815;HOBRAC6735A204222;2;1106;1985;-413;201;106;-204;416;2616;3.98;-95;98.4;81.4;40.5;0.0;48.6;58.2;;xA1A2;xBE;0;113.8;-1647.6;1875.3;6.9;-60.4;74.2;12.5;-35.5;60.5;3.0;2.7;3.3;-0.7;-3.6;2.1;0.2;-1.9;2.2;-1.6;-3.8;0.6;-1.1;-3.7;1.5;0.4;-2.0;2.9;-1.0;-9.5;7.6;0.2;-1.1;1.6;0.1;-1.2;1.4;0.2;-1.0;1.3;-0.7;-2.3;0.9
235;007HO17220;Rosemary;3323;879;HOBRAC6735A204257;37;1175;1558;-531;174;79;-231;389;2440;3.98;-95;97.6;76.5;34.0;0.0;58.6;57.9;;xNoCall;xAB;0;-127.2;-1888.6;1634.3;6.4;-60.9;73.7;5.0;-43.0;53.0;3.0;2.7;3.3;-0.1;-2.9;2.7;2.3;0.2;4.4;-0.4;-2.6;1.8;0.4;-2.2;2.9;-1.1;-3.5;1.3;-1.7;-10.2;6.8;0.0;-1.3;1.4;-1.4;-2.7;-0.2;-1.1;-2.2;0.1;-0.5;-2.2;1.1
236;007HO17537;Shimmy;3247;815;HOBRAC6735A204259;39;1117;1712;-478;168;73;-237;383;2480;3.98;-95;97.4;75.4;32.7;0.0;58.1;57.7;;xA1A2;xBB;0;33.8;-1727.6;1795.3;-1.1;-68.4;66.2;7.5;-40.5;55.5;3.1;2.8;3.4;-0.2;-3.1;2.6;0.7;-1.4;2.7;-0.3;-2.4;1.9;0.5;-2.1;3.0;0.3;-2.1;2.7;-0.1;-8.6;8.4;-0.1;-1.5;1.3;-1.1;-2.4;0.2;-0.6;-1.7;0.6;-0.6;-2.2;1.0
237;007HO17220;Rosemary;3323;879;HOBRAC6735A204252;32;1094;1688;-506;186;91;-219;401;2506;3.98;-95;98.0;78.8;37.0;0.0;51.7;57.7;;xA2A2;xAA;0;534.3;-1227.1;2295.8;20.4;-46.9;87.7;15.0;-33.0;63.0;3.1;2.8;3.4;-0.6;-3.5;2.2;-0.1;-2.2;2.0;-2.2;-4.3;0.0;-0.5;-3.1;2.1;-0.1;-2.6;2.3;0.2;-8.4;8.7;0.5;-0.9;1.8;-1.2;-2.5;0.1;-0.9;-2.1;0.2;-0.5;-2.1;1.2
238;522HO04563;Hendricks;3062;488;HOBRAC6735A204226;6;1107;2249;-225;132;36;-274;346;2656;3.98;-95;95.6;67.4;24.8;0.0;55.8;57.6;;A2A2xA1A2=50%A2A2;ABxAE;1;492.3;-1269.1;2253.8;1.4;-65.9;68.7;18.5;-29.5;66.5;3.0;2.7;3.3;0.1;-2.7;2.9;-1.3;-3.4;0.8;-1.5;-3.6;0.7;-0.1;-2.7;2.4;-0.9;-3.4;1.5;1.7;-6.8;10.2;0.2;-1.2;1.6;0.6;-0.7;1.9;-0.2;-1.3;1.0;0.4;-1.2;2.1
239;522HO04563;Hendricks;3062;488;HOBRAC6735A204249;29;1108;2030;-374;57;-38;-348;272;2546;3.98;-95;89.2;49.2;12.5;0.0;60.8;57.2;;A2A2xA2A2=100%A2A2;ABxAA;3;363.8;-1397.6;2125.3;-16.6;-83.9;50.7;6.5;-41.5;54.5;3.0;2.7;3.3;0.9;-2.0;3.7;0.6;-1.5;2.6;-0.8;-3.0;1.4;0.6;-2.0;3.2;-1.1;-3.5;1.3;-0.9;-9.4;7.6;0.1;-1.3;1.4;0.4;-0.9;1.7;-0.1;-1.3;1.0;-0.1;-1.7;1.5
240;007HO17537;Shimmy;3247;815;HOBRAC6735A204223;3;1115;1814;-509;153;58;-252;368;2530;3.98;-95;96.7;72.2;29.3;0.0;57.7;57.0;;xA2A2;xAA;0;237.3;-1524.1;1998.8;1.4;-65.9;68.7;7.0;-41.0;55.0;3.0;2.7;3.3;-0.3;-3.2;2.5;0.5;-1.6;2.6;-0.4;-2.6;1.8;0.3;-2.2;2.9;0.1;-2.4;2.5;0.7;-7.8;9.2;-0.2;-1.6;1.1;-0.6;-1.8;0.7;-0.3;-1.5;0.9;-0.1;-1.7;1.6
241;007HO17697;POwered;3337;1026;HOBRAC6735A204237;17;1097;1477;-739;144;48;-262;358;2407;3.98;-95;96.3;70.1;27.3;0.0;58.5;56.3;;xA2A2;xAA;0;-292.2;-2053.6;1469.3;13.4;-53.9;80.7;-2.0;-50.0;46.0;3.1;2.8;3.4;-0.5;-3.3;2.3;1.2;-0.8;3.3;-0.3;-2.4;1.9;0.7;-1.9;3.2;-1.6;-4.1;0.8;-1.0;-9.5;7.5;-0.3;-1.7;1.1;-1.6;-2.9;-0.3;-1.0;-2.1;0.2;-0.3;-1.9;1.4
242;007HO17537;Shimmy;3247;815;HOBRAC6735A204250;30;1093;1886;-515;150;55;-255;365;2566;3.98;-95;96.6;71.5;28.6;0.0;49.8;55.8;;xA2A2;xAA;0;214.3;-1547.1;1975.8;11.9;-55.4;79.2;7.5;-40.5;55.5;3.1;2.8;3.4;-0.5;-3.3;2.3;0.5;-1.6;2.6;-1.9;-4.0;0.3;-1.1;-3.7;1.4;0.9;-1.5;3.4;0.9;-7.7;9.4;0.2;-1.1;1.6;-0.2;-1.4;1.1;0.2;-1.0;1.3;-0.0;-1.6;1.6
243;007HO17537;Shimmy;3247;815;HOBRAC6735A204248;28;1099;1735;-546;134;39;-271;349;2491;3.98;-95;95.8;68.1;25.4;0.0;56.0;55.8;;xA2A2;xAA;0;-104.2;-1865.6;1657.3;4.4;-62.9;71.7;4.5;-43.5;52.5;3.0;2.8;3.3;-0.7;-3.6;2.1;0.4;-1.6;2.5;-0.4;-2.6;1.8;0.6;-2.0;3.2;0.1;-2.3;2.6;1.5;-7.0;10.0;-0.1;-1.5;1.2;-1.1;-2.4;0.2;-0.4;-1.6;0.7;-0.4;-2.0;1.3
244;522HO04563;Hendricks;3062;488;HOBRAC6735A204254;34;1187;1859;-373;58;-38;-348;272;2460;3.98;-95;89.3;49.4;12.5;0.0;50.9;55.4;;A2A2xA2A2=100%A2A2;ABxAB;3;-17.7;-1779.1;1743.8;-0.6;-67.9;66.7;7.5;-40.5;55.5;3.0;2.7;3.3;-0.9;-3.7;1.9;-0.1;-2.2;1.9;-1.1;-3.3;1.1;-0.1;-2.7;2.5;-0.1;-2.6;2.3;0.6;-7.9;9.2;-0.4;-1.7;1.0;-0.7;-2.0;0.6;-0.8;-2.0;0.3;-0.4;-2.0;1.3
245;007HO17220;Rosemary;3323;879;HOBRAC6735A204233;13;1096;1621;-649;115;20;-290;330;2472;3.98;-95;94.6;63.6;21.6;0.0;59.7;55.3;;xA2A2;xAA;0;-201.7;-1963.1;1559.8;6.9;-60.4;74.2;-1.5;-49.5;46.5;3.0;2.7;3.3;-0.2;-3.1;2.6;1.8;-0.3;3.8;-0.2;-2.4;2.0;0.9;-1.7;3.4;-0.6;-3.0;1.9;-1.6;-10.1;6.9;0.2;-1.2;1.6;-0.7;-2.0;0.6;-0.6;-1.8;0.6;-0.2;-1.8;1.4
246;007HO17537;Shimmy;3247;815;HOBRAC6735A204257;37;1175;1558;-531;142;47;-263;357;2402;3.98;-95;96.2;69.8;26.9;0.0;51.4;55.2;;xNoCall;xAB;0;-47.2;-1808.6;1714.3;-2.1;-69.4;65.2;6.0;-42.0;54.0;3.0;2.7;3.3;-0.7;-3.5;2.1;1.2;-0.9;3.2;-0.9;-3.0;1.3;-0.5;-3.0;2.1;-0.7;-3.1;1.7;0.0;-8.5;8.5;-0.3;-1.7;1.0;-1.4;-2.7;-0.1;-0.8;-2.0;0.3;-0.8;-2.4;0.8
247;007HO17537;Shimmy;3247;815;HOBRAC6735A204252;32;1094;1688;-506;154;59;-251;369;2468;3.98;-95;96.8;72.5;29.6;0.0;44.5;55.0;;xA2A2;xAA;0;614.3;-1147.1;2375.8;11.9;-55.4;79.2;16.0;-32.0;64.0;3.1;2.8;3.4;-1.2;-4.1;1.6;-1.2;-3.3;0.8;-2.6;-4.8;-0.4;-1.3;-3.9;1.3;0.2;-2.2;2.7;1.9;-6.7;10.4;0.1;-1.3;1.4;-1.2;-2.5;0.1;-0.7;-1.9;0.5;-0.7;-2.3;0.9
248;522HO04563;Hendricks;3062;488;HOBRAC6735A204230;10;1105;2139;-430;29;-66;-376;244;2600;3.98;-95;85.5;42.2;9.2;0.0;54.6;54.9;;A2A2xA2A2=100%A2A2;ABxAB;3;760.3;-1001.1;2521.8;-7.6;-74.9;59.7;12.0;-36.0;60.0;2.9;2.6;3.2;-0.2;-3.0;2.6;-2.1;-4.2;-0.1;-1.4;-3.6;0.8;0.0;-2.5;2.6;-0.7;-3.1;1.7;3.0;-5.6;11.5;0.6;-0.8;2.0;0.8;-0.5;2.1;-0.2;-1.4;0.9;0.8;-0.8;2.4
249;522HO04563;Hendricks;3062;488;HOBRAC6735A204224;4;1189;1754;-391;48;-47;-357;263;2408;3.98;-95;88.2;47.1;11.4;0.0;51.3;54.9;;A2A2xA2A2=100%A2A2;ABxAA;3;476.3;-1285.1;2237.8;-11.6;-78.9;55.7;8.0;-40.0;56.0;3.0;2.7;3.3;-0.4;-3.2;2.4;-0.2;-2.3;1.9;-1.5;-3.6;0.7;-0.3;-2.9;2.2;-1.4;-3.8;1.0;0.0;-8.5;8.5;-0.1;-1.5;1.3;-0.8;-2.1;0.5;-1.0;-2.2;0.2;-0.5;-2.1;1.1
250;007HO17220;Rosemary;3323;879;HOBRAC6735A204253;33;1095;1532;-648;116;20;-290;330;2428;3.98;-95;94.6;63.7;21.7;0.0;57.3;54.8;;xA2A2;xAA;0;-426.2;-2187.6;1335.3;6.4;-60.9;73.7;-5.0;-53.0;43.0;3.0;2.7;3.3;-0.1;-3.0;2.7;2.0;-0.0;4.1;-0.5;-2.7;1.7;0.4;-2.2;2.9;-0.4;-2.8;2.0;-1.5;-10.0;7.0;0.2;-1.1;1.6;-0.9;-2.2;0.4;-0.9;-2.0;0.3;-0.5;-2.2;1.1
251;007HO17697;POwered;3337;1026;HOBRAC6735A204231;11;1196;1335;-775;126;30;-280;340;2336;3.98;-95;95.3;66.1;23.6;0.0;55.6;54.8;;xA2A2;xAA;0;346.3;-1415.1;2107.8;3.9;-63.4;71.2;-1.0;-49.0;47.0;3.0;2.7;3.3;-0.7;-3.5;2.1;0.9;-1.2;2.9;-0.7;-2.8;1.5;0.2;-2.3;2.8;-0.9;-3.4;1.5;-0.8;-9.3;7.7;-0.3;-1.7;1.1;-1.8;-3.1;-0.5;-1.3;-2.5;-0.1;-0.5;-2.1;1.1
252;522HO04563;Hendricks;3062;488;HOBRAC6735A204258;38;1111;2059;-290;99;4;-306;314;2560;3.98;-95;93.4;59.7;18.8;0.0;48.7;54.6;;A2A2xA1A2=50%A2A2;ABxBE;1;84.8;-1676.6;1846.3;10.9;-56.4;78.2;11.5;-36.5;59.5;3.0;2.7;3.3;-0.7;-3.5;2.1;-1.4;-3.5;0.6;-1.9;-4.0;0.3;-1.1;-3.6;1.5;-1.3;-3.7;1.1;0.6;-7.9;9.2;-0.2;-1.5;1.2;0.0;-1.3;1.3;-0.4;-1.5;0.8;0.3;-1.3;2.0
253;522HO04563;Hendricks;3062;488;HOBRAC6735A204228;8;1193;2246;-286;101;6;-304;316;2654;3.98;-95;93.5;60.2;19.1;0.0;45.0;54.4;;A2A2xA1A2=50%A2A2;ABxAB;1;712.3;-1049.1;2473.8;11.9;-55.4;79.2;22.5;-25.5;70.5;2.9;2.6;3.2;-0.5;-3.3;2.3;-1.8;-3.8;0.3;-3.1;-5.2;-0.9;-2.0;-4.6;0.6;-1.1;-3.6;1.3;1.8;-6.7;10.4;0.3;-1.0;1.7;0.3;-1.0;1.6;-0.2;-1.4;1.0;0.9;-0.8;2.5
254;522HO04563;Hendricks;3062;488;HOBRAC6735A204255;35;1180;1898;-362;63;-32;-342;278;2480;3.98;-95;89.9;50.8;13.3;0.0;56.0;53.6;;A2A2xA1A2=50%A2A2;ABxAE;1;453.3;-1308.1;2214.8;-12.1;-79.4;55.2;7.0;-41.0;55.0;3.0;2.7;3.2;-0.0;-2.9;2.8;-0.1;-2.2;2.0;-1.0;-3.2;1.2;0.4;-2.2;2.9;-0.3;-2.7;2.1;0.6;-7.9;9.2;-0.4;-1.7;1.0;-0.3;-1.6;1.0;-0.7;-1.9;0.4;-0.3;-1.9;1.3
255;007HO17697;POwered;3337;1026;HOBRAC6735A204235;15;1100;1368;-812;107;12;-298;322;2352;3.98;-95;94.0;61.7;20.2;0.0;49.4;53.0;;xA2A2;xAA;0;5.8;-1755.6;1767.3;14.4;-52.9;81.7;-2.0;-50.0;46.0;3.1;2.8;3.4;-1.2;-4.0;1.6;0.1;-2.0;2.1;-1.5;-3.7;0.7;-0.4;-3.0;2.2;-2.0;-4.4;0.5;-1.1;-9.6;7.5;-0.3;-1.7;1.0;-1.5;-2.8;-0.2;-1.1;-2.3;0.0;-0.7;-2.3;0.9
256;007HO17220;Rosemary;3323;879;HOBRAC6735A204237;17;1097;1477;-739;70;-25;-335;285;2400;3.98;-95;90.6;52.5;14.2;0.0;58.1;52.5;;xA2A2;xAA;0;-539.2;-2300.6;1222.3;6.4;-60.9;73.7;-3.5;-51.5;44.5;3.0;2.7;3.3;-0.6;-3.4;2.2;1.9;-0.2;3.9;0.1;-2.1;2.3;0.9;-1.7;3.4;-1.1;-3.5;1.3;-2.1;-10.6;6.4;0.0;-1.3;1.4;-1.2;-2.5;0.0;-0.8;-2.0;0.4;-0.1;-1.7;1.5
257;007HO17537;Shimmy;3247;815;HOBRAC6735A204233;13;1096;1621;-649;83;-12;-322;298;2434;3.98;-95;91.9;55.8;16.2;0.0;52.5;52.4;;xA2A2;xAA;0;-121.7;-1883.1;1639.8;-1.6;-68.9;65.7;-0.5;-48.5;47.5;3.1;2.8;3.4;-0.8;-3.7;2.0;0.6;-1.5;2.7;-0.7;-2.8;1.5;0.1;-2.5;2.6;-0.2;-2.6;2.3;0.1;-8.4;8.6;-0.2;-1.6;1.2;-0.7;-2.0;0.6;-0.4;-1.5;0.8;-0.4;-2.1;1.2
258;522HO04563;Hendricks;3062;488;HOBRAC6735A204223;3;1115;1814;-509;-10;-106;-416;204;2438;3.98;-95;79.1;32.8;5.7;0.0;53.2;52.2;;A2A2xA2A2=100%A2A2;ABxAA;3;318.8;-1442.6;2080.3;-12.6;-79.9;54.7;5.0;-43.0;53.0;2.9;2.6;3.2;-0.5;-3.3;2.3;-0.3;-2.4;1.8;-0.9;-3.0;1.3;0.0;-2.5;2.6;-1.6;-4.1;0.8;-0.2;-8.7;8.4;-0.3;-1.7;1.1;-0.3;-1.6;1.0;-0.7;-1.8;0.5;0.3;-1.3;1.9
259;522HO04563;Hendricks;3062;488;HOBRAC6735A204263;43;1122;2027;-419;34;-61;-371;249;2544;3.98;-95;86.3;43.6;9.8;0.0;45.0;52.1;;A2A2xA1A2=50%A2A2;ABxBB=50%BB;2;971.3;-790.1;2732.8;-7.6;-74.9;59.7;19.5;-28.5;67.5;3.1;2.8;3.4;-0.9;-3.8;1.9;-1.8;-3.9;0.2;-2.5;-4.6;-0.3;-1.2;-3.8;1.4;-0.5;-2.9;2.0;0.2;-8.3;8.8;-0.4;-1.8;1.0;0.4;-0.9;1.7;-0.6;-1.7;0.6;-0.1;-1.7;1.5
260;007HO17537;Shimmy;3247;815;HOBRAC6735A204253;33;1095;1532;-648;84;-12;-322;298;2390;3.98;-95;92.0;55.9;16.2;0.0;50.1;52.0;;xA2A2;xAA;0;-346.2;-2107.6;1415.3;-2.1;-69.4;65.2;-4.0;-52.0;44.0;3.0;2.7;3.3;-0.7;-3.6;2.1;0.9;-1.2;3.0;-1.0;-3.1;1.2;-0.5;-3.0;2.1;0.0;-2.4;2.4;0.2;-8.3;8.7;-0.1;-1.5;1.2;-0.9;-2.2;0.4;-0.6;-1.8;0.5;-0.8;-2.4;0.9
261;522HO04563;Hendricks;3062;488;HOBRAC6735A204259;39;1117;1712;-478;5;-90;-400;220;2387;3.98;-95;81.8;36.4;6.9;0.0;53.6;51.4;;A2A2xA1A2=50%A2A2;ABxBB=50%BB;2;115.3;-1646.1;1876.8;-15.1;-82.4;52.2;5.5;-42.5;53.5;3.0;2.7;3.3;-0.4;-3.2;2.4;-0.1;-2.2;1.9;-0.7;-2.9;1.5;0.2;-2.4;2.7;-1.4;-3.8;1.0;-1.0;-9.5;7.6;-0.2;-1.5;1.2;-0.8;-2.1;0.5;-0.9;-2.1;0.2;-0.2;-1.9;1.4
262;522HO04563;Hendricks;3062;488;HOBRAC6735A204250;30;1093;1886;-515;-14;-109;-419;201;2474;3.98;-95;78.6;32.1;5.5;0.0;45.3;51.0;;A2A2xA2A2=100%A2A2;ABxAA;3;295.8;-1465.6;2057.3;-2.1;-69.4;65.2;5.5;-42.5;53.5;3.0;2.7;3.3;-0.6;-3.5;2.2;-0.3;-2.4;1.8;-2.3;-4.5;-0.1;-1.4;-4.0;1.1;-0.8;-3.2;1.7;0.0;-8.5;8.5;0.2;-1.2;1.6;0.1;-1.2;1.4;-0.2;-1.3;1.0;0.3;-1.3;2.0
263;522HO04563;Hendricks;3062;488;HOBRAC6735A204248;28;1099;1735;-546;-29;-124;-434;186;2398;3.98;-95;75.6;28.7;4.5;0.0;51.5;51.0;;A2A2xA2A2=100%A2A2;ABxAA;3;-22.7;-1784.1;1738.8;-9.6;-76.9;57.7;2.5;-45.5;50.5;3.0;2.7;3.3;-0.9;-3.7;1.9;-0.3;-2.4;1.7;-0.9;-3.0;1.3;0.3;-2.3;2.9;-1.6;-4.0;0.9;0.6;-7.9;9.2;-0.2;-1.6;1.2;-0.8;-2.1;0.5;-0.8;-1.9;0.4;-0.0;-1.6;1.6
264;007HO17220;Rosemary;3323;879;HOBRAC6735A204231;11;1196;1335;-775;52;-43;-353;267;2329;3.98;-95;88.6;48.0;11.8;0.0;55.2;50.9;;xA2A2;xAA;0;99.3;-1662.1;1860.8;-3.1;-70.4;64.2;-2.5;-50.5;45.5;3.0;2.7;3.3;-0.8;-3.6;2.0;1.4;-0.6;3.5;-0.3;-2.5;1.9;0.5;-2.1;3.0;-0.4;-2.8;2.0;-1.9;-10.4;6.6;0.0;-1.3;1.4;-1.5;-2.8;-0.2;-1.1;-2.3;0.0;-0.3;-2.0;1.3
265;522HO04563;Hendricks;3062;488;HOBRAC6735A204222;2;1106;1985;-413;38;-58;-368;252;2524;3.98;-95;86.7;44.3;10.1;0.0;44.2;50.6;;A2A2xA1A2=50%A2A2;ABxBE;1;195.3;-1566.1;1956.8;-7.1;-74.4;60.2;10.5;-37.5;58.5;3.0;2.7;3.3;-0.9;-3.7;1.9;-0.6;-2.7;1.4;-2.1;-4.2;0.1;-1.4;-4.0;1.2;-1.2;-3.7;1.2;-1.8;-10.3;6.7;0.2;-1.2;1.6;0.4;-0.9;1.7;-0.2;-1.4;1.0;-0.3;-2.0;1.3
266;522HO04563;Hendricks;3062;488;HOBRAC6735A204252;32;1094;1688;-506;-9;-104;-414;206;2375;3.98;-95;79.4;33.1;5.8;0.0;40.0;50.1;;A2A2xA2A2=100%A2A2;ABxAA;3;695.8;-1065.6;2457.3;-2.1;-69.4;65.2;14.0;-34.0;62.0;3.1;2.8;3.3;-1.4;-4.2;1.4;-2.0;-4.1;0.0;-3.1;-5.2;-0.9;-1.6;-4.2;1.0;-1.4;-3.9;1.0;1.0;-7.5;9.5;0.0;-1.4;1.4;-1.0;-2.3;0.3;-1.1;-2.2;0.1;-0.3;-2.0;1.3
267;007HO17537;Shimmy;3247;815;HOBRAC6735A204237;17;1097;1477;-739;38;-57;-367;253;2362;3.98;-95;86.8;44.5;10.2;0.0;50.9;49.6;;xA2A2;xAA;0;-459.2;-2220.6;1302.3;-2.1;-69.4;65.2;-2.5;-50.5;45.5;3.1;2.8;3.4;-1.2;-4.0;1.6;0.7;-1.4;2.8;-0.4;-2.5;1.8;0.1;-2.5;2.6;-0.7;-3.1;1.7;-0.4;-8.9;8.1;-0.3;-1.7;1.0;-1.2;-2.5;0.1;-0.6;-1.7;0.6;-0.4;-2.0;1.3
268;007HO17220;Rosemary;3323;879;HOBRAC6735A204235;15;1100;1368;-812;34;-62;-372;248;2346;3.98;-95;86.2;43.3;9.7;0.0;49.0;49.1;;xA2A2;xAA;0;-241.2;-2002.6;1520.3;7.4;-59.9;74.7;-3.5;-51.5;44.5;3.1;2.8;3.4;-1.3;-4.1;1.5;0.7;-1.4;2.7;-1.2;-3.3;1.0;-0.2;-2.8;2.4;-1.4;-3.8;1.0;-2.2;-10.7;6.4;0.0;-1.4;1.4;-1.1;-2.4;0.2;-1.0;-2.1;0.2;-0.6;-2.2;1.1
269;007HO17537;Shimmy;3247;815;HOBRAC6735A204231;11;1196;1335;-775;20;-75;-385;235;2291;3.98;-95;84.2;40.0;8.3;0.0;48.0;48.1;;xA2A2;xAA;0;179.3;-1582.1;1940.8;-11.6;-78.9;55.7;-1.5;-49.5;46.5;3.1;2.8;3.4;-1.4;-4.2;1.4;0.3;-1.8;2.4;-0.8;-2.9;1.4;-0.3;-2.9;2.2;0.0;-2.4;2.4;-0.2;-8.7;8.3;-0.3;-1.7;1.0;-1.5;-2.8;-0.2;-0.9;-2.1;0.3;-0.6;-2.2;1.0
270;522HO04563;Hendricks;3062;488;HOBRAC6735A204233;13;1096;1621;-649;-80;-176;-486;134;2342;3.98;-95;64.3;18.7;2.2;0.0;48.0;47.9;;A2A2xA2A2=100%A2A2;ABxAA;3;-40.2;-1801.6;1721.3;-15.6;-82.9;51.7;-2.5;-50.5;45.5;3.0;2.7;3.3;-1.0;-3.8;1.8;-0.2;-2.3;1.9;-1.1;-3.3;1.1;-0.2;-2.8;2.3;-1.9;-4.3;0.6;-0.8;-9.3;7.8;-0.2;-1.6;1.1;-0.4;-1.7;0.9;-0.7;-1.9;0.4;-0.1;-1.7;1.6
271;522HO04563;Hendricks;3062;488;HOBRAC6735A204253;33;1095;1532;-648;-80;-175;-485;135;2297;3.98;-95;64.5;18.8;2.2;0.0;45.6;47.4;;A2A2xA2A2=100%A2A2;ABxAA;3;-264.7;-2026.1;1496.8;-16.1;-83.4;51.2;-6.0;-54.0;42.0;3.0;2.7;3.2;-0.9;-3.7;1.9;0.1;-2.0;2.2;-1.4;-3.6;0.8;-0.8;-3.3;1.8;-1.7;-4.1;0.7;-0.6;-9.2;7.9;-0.2;-1.6;1.2;-0.6;-1.9;0.7;-1.0;-2.2;0.2;-0.4;-2.0;1.2
272;007HO17537;Shimmy;3247;815;HOBRAC6735A204235;15;1100;1368;-812;2;-94;-404;216;2308;3.98;-95;81.2;35.6;6.6;0.0;41.8;46.2;;xA2A2;xAA;0;-161.2;-1922.6;1600.3;-1.1;-68.4;66.2;-2.5;-50.5;45.5;3.1;2.8;3.4;-1.9;-4.7;0.9;-0.5;-2.6;1.6;-1.6;-3.8;0.6;-1.0;-3.6;1.6;-1.0;-3.4;1.4;-0.5;-9.0;8.1;-0.4;-1.8;1.0;-1.1;-2.4;0.2;-0.7;-1.9;0.4;-0.8;-2.4;0.8
273;522HO04563;Hendricks;3062;488;HOBRAC6735A204257;37;1175;1558;-531;-22;-117;-427;193;2310;3.98;-95;77.1;30.3;5.0;0.0;46.9;45.9;;A2A2xNoCall;ABxAB;0;34.3;-1727.1;1795.8;-16.1;-83.4;51.2;4.0;-44.0;52.0;2.9;2.7;3.2;-0.8;-3.7;2.0;0.4;-1.7;2.4;-1.3;-3.5;0.9;-0.8;-3.3;1.8;-2.4;-4.8;0.0;-0.9;-9.4;7.7;-0.4;-1.8;1.0;-1.2;-2.5;0.1;-1.2;-2.3;-0.0;-0.4;-2.0;1.2
274;522HO04563;Hendricks;3062;488;HOBRAC6735A204237;17;1097;1477;-739;-126;-221;-531;89;2270;3.98;-95;53.3;12.0;1.1;0.0;46.4;45.5;;A2A2xA2A2=100%A2A2;ABxAA;3;-377.7;-2139.1;1383.8;-16.1;-83.4;51.2;-4.5;-52.5;43.5;3.0;2.7;3.3;-1.3;-4.2;1.5;-0.1;-2.2;2.0;-0.8;-3.0;1.4;-0.2;-2.8;2.3;-2.4;-4.8;0.0;-1.2;-9.8;7.3;-0.4;-1.8;1.0;-1.0;-2.3;0.3;-0.9;-2.1;0.2;0.0;-1.6;1.6
275;522HO04563;Hendricks;3062;488;HOBRAC6735A204231;11;1196;1335;-775;-144;-239;-549;71;2198;3.98;-95;48.8;9.9;0.8;0.0;43.5;44.2;;A2A2xA2A2=100%A2A2;ABxAA;3;260.8;-1500.6;2022.3;-25.6;-92.9;41.7;-3.5;-51.5;44.5;3.0;2.7;3.3;-1.5;-4.4;1.3;-0.5;-2.6;1.6;-1.2;-3.4;1.0;-0.6;-3.2;1.9;-1.7;-4.1;0.7;-1.1;-9.6;7.5;-0.4;-1.8;1.0;-1.2;-2.5;0.1;-1.3;-2.4;-0.1;-0.2;-1.9;1.4
276;522HO04563;Hendricks;3062;488;HOBRAC6735A204235;15;1100;1368;-812;-162;-257;-567;53;2215;3.98;-95;44.1;8.0;0.6;0.0;37.3;42.6;;A2A2xA2A2=100%A2A2;ABxAA;3;-79.7;-1841.1;1681.8;-15.1;-82.4;52.2;-4.5;-52.5;43.5;3.1;2.8;3.4;-2.0;-4.9;0.8;-1.3;-3.4;0.8;-2.1;-4.2;0.1;-1.3;-3.9;1.3;-2.7;-5.1;-0.3;-1.3;-9.8;7.2;-0.5;-1.8;0.9;-0.8;-2.1;0.4;-1.1;-2.2;0.1;-0.4;-2.1;1.2
